"site","bAut","det","fish","mInv","sInv","zooP","sum_tot","bAut_prop","det_prop","fish_prop","mInv_prop","sInv_prop","zooP_prop"
"ACEH1",7.03,2.09,8.24,32.24,4.86,6.97,61.43,0.114439199088393,0.0340224645938467,0.134136415432199,0.524825004069673,0.0791144391990884,0.1134624776168
"ACEH11",28.27,8.47,18.12,73.48,14.87,10.57,153.78,0.183834048640916,0.0550786838340486,0.11783066718689,0.477825464949929,0.0966965795291976,0.0687345558590194
"ACEH12",73.37,20.01,11.76,37.33,19.72,15.2,177.39,0.413608433395344,0.112802300016912,0.0662946051073905,0.210440272845143,0.111167484074638,0.0856869045605727
"ACEH15",46.83,10.02,10.68,53.36,14.6,15.97,151.46,0.30919054535851,0.0661560808134161,0.0705136669747788,0.352304238742902,0.0963950878119635,0.105440380298429
"ACEH16",36.27,11.23,7.48,47.04,15.68,12.17,129.87,0.279279279279279,0.0864710864710865,0.0575960575960576,0.362208362208362,0.120736120736121,0.0937090937090937
"ACEH17",43.22,13.54,15.08,89.15,20.11,19.49,200.59,0.215464380078768,0.0675008724263423,0.0751782242384964,0.444438905229573,0.10025424996261,0.0971633680642106
"ACEH18",41.79,11.67,8,63.18,15.75,11.4,151.79,0.275314579353054,0.0768825350813624,0.0527043942288688,0.416232953422492,0.103761776138086,0.0751037617761381
"ACEH19",22.11,5.86,1.05,13.58,6.52,4.5,53.62,0.412346139500187,0.10928757926147,0.0195822454308094,0.253263707571802,0.12159641924655,0.0839239089891831
"ACEH2",22.78,7.84,3.39,19.95,9.08,5.38,68.42,0.332943583747442,0.114586378251973,0.0495469161064016,0.291581408944753,0.132709733995908,0.0786319789535224
"ACEH20",47.86,17.75,9.95,83.54,22.36,19.29,200.75,0.23840597758406,0.0884184308841843,0.0495641344956413,0.416139476961395,0.111382316313823,0.0960896637608966
"ACEH21",61.44,15.36,65.03,106.54,27.88,19.95,296.2,0.207427413909521,0.0518568534773802,0.219547602970966,0.359689399054693,0.0941255908170155,0.0673531397704254
"ACEH22",175.38,28.59,30.18,210.9,72.05,56.77,573.87,0.305609284332689,0.0498196455643264,0.0525903079094568,0.367504835589942,0.125551082997891,0.0989248436056947
"ACEH3",27.41,9.46,9.67,43.7,17.61,11.32,119.17,0.230007552236301,0.0793823948980448,0.0811445833682974,0.366703029285894,0.147772090291181,0.0949903499202819
"ACEH4",22.18,7.35,7.34,35.94,10.62,8.5,91.93,0.241270531926466,0.0799521374959208,0.079843359077559,0.390949635592299,0.115522680300228,0.0924616556075275
"ACEH7",34.92,9.68,7.54,34.12,14.34,12.3,112.9,0.309300265721878,0.0857395925597874,0.066784765279008,0.302214348981399,0.127015057573074,0.108945969884854
"ACEH8",62.05,18.38,12.07,68.26,25.95,17.92,204.63,0.303230220397791,0.0898206519083223,0.0589845086253238,0.333577676782486,0.126814250109955,0.0875726921761228
"AH1",18.43,4.55,10.36,64.39,11.19,11.63,120.55,0.152882621318955,0.0377436748237246,0.0859394442140191,0.534135213604314,0.0928245541269183,0.0964744919120697
"AH2",77.75,12.29,6.65,63.94,18.85,17.65,197.13,0.394409780347994,0.062344645665297,0.0337340841069345,0.324354486886826,0.0956221782580023,0.0895348247349465
"AH3",43.43,11.03,13.39,55.96,15.2,15.14,154.15,0.281738566331495,0.0715536814790788,0.086863444696724,0.363023029516705,0.0986052546221213,0.0982160233538761
"AH4",12.68,4.52,2.01,23.02,8.81,6.1,57.14,0.221911095554778,0.0791039551977599,0.0351767588379419,0.402870143507175,0.154182709135457,0.106755337766888
"AH5",24.18,6.09,3.27,26.56,10.42,8.43,78.95,0.306269791006966,0.0771374287523749,0.041418619379354,0.336415452818239,0.131982267257758,0.106776440785307
"AL10",59.94,17.5,16.21,97.79,35.61,32.12,259.17,0.231276768144461,0.0675232472894239,0.062545819346375,0.377319905853301,0.137400162055793,0.123934097310646
"AL4",30.19,4.09,12.35,34.12,8.9,9.13,98.78,0.305628669771209,0.0414051427414456,0.125025308766957,0.345414051427414,0.0900992103664709,0.0924276169265034
"AL6",72.75,16.07,4.03,28.39,8.61,10.75,140.6,0.517425320056899,0.114295874822191,0.0286628733997155,0.201920341394026,0.0612375533428165,0.0764580369843528
"AL7",55,14.41,15.69,39.61,23.32,12.5,160.53,0.342615087522581,0.0897651529309163,0.097738740422351,0.246745156668535,0.145268797109575,0.0778670653460412
"BA10",61.29,15.61,11.38,121.79,40.35,24.9,275.32,0.222613685892779,0.0566976609036757,0.0413337207612959,0.442357983437455,0.146556733982275,0.0904402150225192
"BA11",10.44,2.96,0.79,22.53,4.07,4.97,45.76,0.228146853146853,0.0646853146853147,0.017263986013986,0.492351398601399,0.0889423076923077,0.10861013986014
"BA2",130.04,28.16,27.84,121.21,34.75,38,380,0.342210526315789,0.0741052631578947,0.0732631578947368,0.318973684210526,0.0914473684210526,0.1
"BA3",95.5,22.19,50.1,266.53,68.31,65.49,568.12,0.168098289093853,0.0390586495810744,0.0881855945926917,0.469143842850102,0.120238681968598,0.11527494191368
"BA4",13.34,2.85,1.68,14.25,7.99,4.05,44.16,0.302083333333333,0.0645380434782609,0.0380434782608696,0.322690217391304,0.180932971014493,0.0917119565217391
"BA5",62.98,19.52,9.72,82.84,41.92,23.45,240.43,0.261947344341388,0.0811878717298174,0.0404275672752984,0.344549349082893,0.174354281911575,0.0975335856590276
"BA6",42.63,10.48,5.63,45.47,21.86,13.12,139.19,0.306272002299016,0.0752927652848624,0.0404483080681083,0.32667576693728,0.157051512321287,0.0942596450894461
"BA7",44.46,7.56,14.04,58.1,15.75,14.7,154.61,0.28756225341181,0.0488972252765022,0.0908091326563611,0.375784231291637,0.101869219326046,0.0950779380376431
"BA8",15.76,4.96,3.33,30.65,11.4,6.99,73.09,0.215624572444931,0.0678615405664249,0.0455602681625393,0.419346011766315,0.15597208920509,0.0956355178546997
"BOCAS1",7.92,0.05,0.5,4.31,2.09,1.44,16.31,0.485591661557327,0.00306560392397302,0.0306560392397302,0.264255058246475,0.128142244022072,0.0882893930104231
"BOCAS10",16.63,0.18,0.95,6.69,4.12,2.94,31.51,0.527768962234211,0.00571247223103777,0.0301491589971438,0.21231355125357,0.130752142177087,0.0933037131069502
"BOCAS11",18.16,2.74,2.03,38.94,12.7,4.29,78.86,0.230281511539437,0.0347451179305098,0.0257418209485164,0.493786457012427,0.16104488967791,0.0544002028911996
"BOCAS12",15.33,0.18,0.93,10.23,3.39,2.3,32.36,0.473733003708282,0.00556242274412855,0.0287391841779975,0.316131025957973,0.104758961681088,0.0710754017305315
"BOCAS13",14.66,0.07,0.31,1.79,0.79,0.69,18.31,0.800655379574003,0.00382304751501912,0.0169306389950847,0.0977607864554888,0.0431458219552157,0.0376843255051884
"BOCAS2",17.29,0.05,0.56,3.38,0.7,0.24,22.22,0.778127812781278,0.00225022502250225,0.0252025202520252,0.152115211521152,0.0315031503150315,0.0108010801080108
"BOCAS3",42.41,0.16,1.26,6.4,0.8,0.39,51.42,0.824776351614158,0.00311162971606379,0.0245040840140023,0.124465188642552,0.0155581485803189,0.00758459743290549
"BOCAS4",17.97,0.04,0.67,1.56,0.22,0.26,20.72,0.867277992277992,0.00193050193050193,0.0323359073359073,0.0752895752895753,0.0106177606177606,0.0125482625482625
"BOCAS5",12.73,0.34,1.73,10.88,5.02,8.48,39.18,0.324910668708525,0.00867789688616641,0.0441551812149056,0.277692700357325,0.128126595201633,0.216436957631445
"BOCAS6",27.23,0.04,2,29.62,7.54,1.93,68.36,0.398332358104154,0.000585137507314219,0.0292568753657109,0.433294324166179,0.11029842012873,0.0282328847279111
"BOCAS7",84.55,0.77,4.65,14.38,2.91,3.49,110.75,0.763431151241535,0.00695259593679458,0.0419864559819413,0.129841986455982,0.02627539503386,0.0315124153498871
"BOCAS8",11.09,0.15,1.09,4.37,1.81,0.93,19.44,0.570473251028807,0.00771604938271605,0.0560699588477366,0.224794238683128,0.0931069958847737,0.0478395061728395
"BOCAS9",7.62,0.15,0.72,4.65,2.17,1.6,16.91,0.450620934358368,0.00887049083382614,0.0425783560023655,0.27498521584861,0.128326434062685,0.0946185688941455
"BRA1",110.54,2.11,1.25,9.24,16.18,2.93,142.25,0.777082601054482,0.0148330404217926,0.00878734622144113,0.0649560632688928,0.113743409490334,0.020597539543058
"BRA10",174.61,7.67,2.91,26.23,34.47,5,250.89,0.695962373948742,0.0305711666467376,0.0115987085973933,0.104547809797122,0.137390888437164,0.0199290525728407
"BRA2",66.81,2.29,1.8,13.98,9.02,2.77,96.67,0.69111409951381,0.0236888383159201,0.018620047584566,0.144615702906796,0.0933071273404365,0.0286541843384711
"BRA3",86.29,12.72,31.35,249.04,42.48,7.23,429.11,0.201090629442334,0.0296427489454918,0.0730581902076391,0.580364009228403,0.0989955955349444,0.0168488266411876
"BRA4",56.08,3.13,0.91,13.69,11.93,2.25,87.99,0.637345152858279,0.0355722241163769,0.0103420843277645,0.155585862029776,0.13558358904421,0.0255710876235936
"BRA5",77.59,7.08,14.76,90.27,22.93,15.21,227.84,0.340545997191011,0.0310744382022472,0.0647823033707865,0.396199087078652,0.100640800561798,0.0667573735955056
"BRA6",83.16,5.24,4.4,46.07,19.28,4.83,162.98,0.510246656031415,0.0321511841943797,0.0269971775677997,0.282672720579212,0.118296723524359,0.0296355381028347
"BRA7",13.19,3.32,4.12,29.91,10.38,4.31,65.23,0.202207573202514,0.0508968266135214,0.0631611221830446,0.45853135060555,0.159129235014564,0.0660738923808064
"BRA8",22.77,2.88,4.1,29.51,18.83,5.87,83.96,0.27120057170081,0.0343020485945688,0.0488327775131015,0.351476893758933,0.224273463554073,0.0699142448785136
"BRA9",52.48,6.47,5.85,47.58,25.44,6.35,144.17,0.364014704862315,0.0448775750849691,0.0405770964833183,0.330027051397656,0.176458347783866,0.0440452243878754
"BZE1",3.7,0.19,1.66,7.88,2.52,2.01,17.96,0.206013363028953,0.0105790645879733,0.0924276169265033,0.438752783964365,0.140311804008909,0.111915367483296
"BZE2",6.4,0.26,4.24,17.51,4.6,3.77,36.78,0.174007612833061,0.00706905927134312,0.115280043501903,0.476073953235454,0.125067971723763,0.102501359434475
"BZE3",11.42,11.04,23.9,266.53,32.73,13.66,359.28,0.0317857938098419,0.0307281229124916,0.0665219327543977,0.741844800712536,0.0910988643954576,0.038020485415275
"BZE4",46.96,0.5,4.96,34.18,33.09,6.26,125.95,0.372846367606193,0.00396982929734021,0.0393807066296149,0.271377530766177,0.262723302897975,0.0497022628026995
"BZE6",10.13,0.55,3.11,13.63,9.35,3.34,40.11,0.25255547245076,0.0137122911992022,0.0775367738718524,0.339815507354774,0.233108950386437,0.0832710047369733
"CAR10",46.55,0.67,6.56,69.88,7.29,9.24,140.19,0.332049361580712,0.00477922819031315,0.0467936372066481,0.498466367073258,0.0520008559811684,0.0659105499679007
"CAR12",20.83,0.31,1.85,14.05,4.27,4.71,46.02,0.452629291612342,0.00673620165145589,0.040199913081269,0.305302042590178,0.0927857453281182,0.102346805736636
"CAR13",86.44,3.79,28.79,201.33,33.69,14.34,368.38,0.234649003746132,0.0102882892665183,0.0781529941907813,0.546528041696075,0.0914544763559368,0.0389271947445572
"CAR15",46.11,1.84,8.93,35.63,10.35,5.1,107.96,0.427102630603927,0.0170433493886625,0.0827158206743238,0.330029640607632,0.0958688403112264,0.0472397184142275
"CAR16",56.3,0.57,6.89,29.83,12.99,7.27,113.85,0.494510320597277,0.00500658761528327,0.060518225735617,0.262011418533158,0.114097496706192,0.0638559508124726
"CAR17",57.06,2.41,21.46,67.87,25.45,8.99,183.24,0.31139489194499,0.013152150185549,0.117114167212399,0.370388561449465,0.138888888888889,0.0490613403187077
"CAR18",27.28,0.3,6.51,44.95,11.07,5.14,95.25,0.286404199475066,0.0031496062992126,0.0683464566929134,0.471916010498688,0.116220472440945,0.0539632545931759
"CAR19",53.76,3.71,31.26,198.19,41.38,16.24,344.54,0.156034132466477,0.0107679804957334,0.0907296685435653,0.575230742439194,0.120102165205782,0.0471353108492483
"CAR20",38.63,4.55,11.06,50.9,7.67,8.11,120.92,0.319467416473702,0.037628183923255,0.0914654316903738,0.420939464108501,0.0634303671849156,0.0670691366192524
"CAR21",73.26,0.58,5.79,60.51,16.15,16.84,173.13,0.423150233928262,0.0033500837520938,0.0334430774562468,0.34950615144689,0.093282504476405,0.0972679489401028
"CAR22",46.31,0.98,6.54,88.81,18.56,21.17,182.37,0.253934309371059,0.00537369084827548,0.0358611613752262,0.486977024729945,0.101771124636728,0.116082689038767
"CAR24",22.27,0.04,4.34,22.82,10.64,5.42,65.53,0.339844346101022,0.000610407446970853,0.0662292079963376,0.348237448496872,0.162368380894247,0.0827102090645506
"CAR25",35.13,0.17,2.95,14.64,2.9,4.08,59.87,0.586771337898781,0.0028394855520294,0.0492734257558042,0.244529814598296,0.0484382829463838,0.0681476532487055
"CAR26",22.67,3.23,19.68,82.72,10.95,53.08,192.33,0.117870327042063,0.0167940518899808,0.102324130400874,0.430094109083346,0.0569333957260958,0.275983985857641
"CAR4",27.51,0.13,11.03,28.71,19.84,8.84,96.06,0.286383510306059,0.00135332084114095,0.114824068290652,0.298875702685821,0.206537580678742,0.0920258171975848
"CAR5",21.3,0.25,2.75,16.02,3.22,6.14,49.68,0.428743961352657,0.00503220611916264,0.0553542673107891,0.322463768115942,0.0648148148148148,0.123590982286634
"CAR6",19.34,0.44,6.66,30.77,6.32,14.14,77.67,0.249002188747264,0.00566499291875885,0.085747392815759,0.396163254795932,0.0813698982876271,0.182052272434659
"CAR7",26.83,1.86,4.95,33.85,9.12,4.64,81.25,0.330215384615385,0.0228923076923077,0.0609230769230769,0.416615384615385,0.112246153846154,0.0571076923076923
"CAR8",8.13,2.31,15.67,127.79,14.65,8.74,177.29,0.0458570703367364,0.0130294996897738,0.0883862598003271,0.720796435219132,0.0826329742230244,0.0492977607310057
"CAR9",17.89,0.13,1.91,13.52,4.53,2.37,40.35,0.443370508054523,0.00322180916976456,0.0473358116480793,0.335068153655514,0.112267657992565,0.0587360594795539
"CS1",57.38,5.99,7.24,34.91,11.67,6.34,123.53,0.464502549987857,0.0484902452845463,0.0586092447178823,0.282603416174209,0.0944709787096252,0.0513235651258803
"CS105",171.39,5.35,5.26,27.96,13.86,7.45,231.27,0.741081852380335,0.0231331344316167,0.0227439788991222,0.120897652094954,0.059929952004151,0.0322134301898214
"CS106",27.17,6.21,7.71,32.75,13.22,10.66,97.72,0.278039295947605,0.063548915268113,0.0788988948014736,0.335141219811707,0.135284486287352,0.109087187883749
"CS107",167.74,35.85,31.16,161.51,102.82,40.15,539.23,0.311073196966044,0.0664836897056914,0.0577861024052816,0.29951968547744,0.19067930196762,0.0744580234779222
"CS108",42.56,7.2,6.28,39.07,15.93,12.53,123.57,0.34442016670713,0.0582665695557174,0.0508213967791535,0.316177065630817,0.128914785142025,0.101400016185158
"CS117",26.93,5.49,4.05,16.95,6.93,8.26,68.61,0.392508380702521,0.080017490161784,0.0590292960209882,0.247048535198951,0.10100568430258,0.120390613613176
"CS118",66.91,17.21,16.01,60.95,19.51,17.14,197.73,0.338390734840439,0.0870378799372882,0.0809689981287614,0.308248621858089,0.0986699034036312,0.0866838618317908
"CS119",40.31,15.39,4.06,21.94,9.22,5.77,96.69,0.416899369117799,0.15916847657462,0.0419898645154618,0.226910745682077,0.0953562933085118,0.0596752508015307
"CS121",47.93,9.43,2.39,21.94,6.71,4.95,93.35,0.513444027852169,0.101017675415104,0.0256025709694697,0.235029459025174,0.0718800214247456,0.0530262453133369
"CS128",87.42,16.38,9.02,65.89,17.97,12.79,209.47,0.417338998424595,0.0781973552298658,0.0430610588628443,0.314555783644436,0.0857879409939371,0.0610588628443214
"CS133",51.81,4.69,18.56,56.73,28.66,15.82,176.27,0.293924093719862,0.0266069098542009,0.105293016395303,0.321835820048789,0.162591478981109,0.0897486810007375
"CS134",75.56,10.67,2.52,27.36,14.78,5.15,136.04,0.555424875036754,0.0784328138782711,0.0185239635401353,0.201117318435754,0.10864451631873,0.0378565127903558
"CS135",115.71,18.21,12.72,67.38,29.79,17.52,261.33,0.442773504764091,0.0696820112501435,0.0486740902307427,0.257834921363793,0.113993800941339,0.0670416714498909
"CS136",81.75,17.48,19.38,176.75,29.3,36.17,360.83,0.226560984397084,0.0484438655322451,0.0537095030900978,0.489842862289721,0.0812016739184658,0.100241110772386
"CS137",78.01,11.98,8.78,35.92,18.52,8.13,161.34,0.483513077971985,0.0742531300359489,0.0544192388744267,0.222635428288087,0.11478864509731,0.0503904797322425
"CS138",58,11.1,9.1,44.3,11.24,5.4,139.14,0.416846341814,0.0797757654161276,0.065401753629438,0.318384361075176,0.0807819462411959,0.0388098318240621
"CS14",37.18,6.59,5.06,33.59,10.05,7.88,100.35,0.370503238664674,0.0656701544593921,0.0504235176880917,0.334728450423518,0.100149476831091,0.0785251619332337
"CS142",43.12,7.48,4.16,39.82,12.85,10.88,118.31,0.364466232778294,0.0632237342574592,0.0351618629025442,0.33657340884118,0.108612965936945,0.091961795283577
"CS151",78.41,19.54,11.62,64.72,21.17,12.8,208.26,0.376500528185921,0.0938250264092961,0.055795640065303,0.310765389417075,0.101651781427062,0.0614616344953424
"CS159",28.2,9.39,2.28,10.9,8.31,10.56,69.64,0.404939689833429,0.13483630097645,0.0327398047099368,0.156519241815049,0.119327972429638,0.151636990235497
"CS174",4.22,0.99,1.03,6.99,2.63,2.08,17.94,0.235228539576366,0.0551839464882943,0.0574136008918618,0.389632107023411,0.14659977703456,0.115942028985507
"CS178",36.35,8.26,3.71,26.36,11.22,6.13,92.03,0.394979897859394,0.0897533413017494,0.0403129414321417,0.286428338585244,0.121916766271868,0.0666087145496034
"CS18",35.02,6.42,1.2,20.71,7.84,7.67,78.86,0.444078113111844,0.0814100938371798,0.0152168399695663,0.262617296474765,0.0994166878011666,0.0972609688054781
"CS188",29.22,9.12,6.38,33.01,16.07,7.5,101.3,0.288450148075025,0.0900296150049358,0.0629812438302073,0.325863770977295,0.158637709772952,0.0740375123395854
"CS189",61.25,15.99,3.5,41.24,26.48,10.75,159.21,0.384712015576911,0.100433389862446,0.0219835437472521,0.259028955467621,0.16632121097921,0.0675208843665599
"CS192",31.07,9.45,6.59,40.4,15.47,8.22,111.2,0.279406474820144,0.0849820143884892,0.0592625899280576,0.363309352517986,0.139118705035971,0.0739208633093525
"CS194",21.39,6.43,4.36,20.42,8.06,5.69,66.35,0.322381311228335,0.0969103240391861,0.0657121326299925,0.307761868877167,0.12147701582517,0.0857573474001507
"CS195",187.05,70.85,48.11,203.41,70.28,34.36,614.06,0.30461192717324,0.115379604598899,0.0783473927629222,0.331254274826564,0.114451356544963,0.0559554440934111
"CS196",39.13,6.99,2.28,24.37,14.18,6.58,93.53,0.418368437934353,0.0747353790227734,0.0243772051748102,0.260558109697423,0.151609109376671,0.0703517587939698
"CS2",45.01,7.67,3.91,16.08,10.6,4.73,88,0.511477272727273,0.0871590909090909,0.0444318181818182,0.182727272727273,0.120454545454545,0.05375
"CS201",17.81,3.67,4.58,28.93,14.04,5.53,74.56,0.238868025751073,0.0492221030042918,0.0614270386266094,0.38800965665236,0.188304721030043,0.0741684549356223
"CS212",232.33,18.36,15.59,123.22,53.24,57.87,500.61,0.46409380555722,0.0366752561874513,0.0311420067517628,0.246139709554344,0.106350252691716,0.115598969257506
"CS40",10.33,1.37,1.9,12.01,5.27,2.98,33.86,0.30507974010632,0.0404607206142942,0.0561134081512109,0.354695806261075,0.155640874187832,0.0880094506792676
"CS43",9.81,2.12,1.82,9.52,5.17,2.38,30.82,0.31829980532122,0.0687865022712524,0.0590525632706035,0.308890330953926,0.167748215444517,0.0772225827384815
"CS5",41.38,10.24,2.53,20.92,8.82,2.76,86.65,0.477553375649163,0.118176572417773,0.029197922677438,0.241431044431621,0.101788805539527,0.0318522792844778
"CS56",22.88,3.15,3.65,18.13,9.6,5.62,63.03,0.363001745200698,0.0499762018086625,0.057908932254482,0.287640805965413,0.152308424559733,0.0891638902110106
"CS62",40.55,11.16,18.22,111.57,19.38,16.31,217.19,0.186702886873245,0.0513835811961877,0.0838896818453888,0.513697684055435,0.0892306275611216,0.0750955384686219
"CS67",38.97,5.6,6.76,28.26,13.13,6.8,99.52,0.391579581993569,0.0562700964630225,0.0679260450160772,0.283963022508039,0.131933279742765,0.0683279742765273
"CS70",37.68,6.35,27.25,53.79,22.93,9.17,157.17,0.2397404084749,0.0404021123624101,0.173379143602469,0.342240885665203,0.14589298212127,0.0583444677737482
"CS72",25.99,4.04,2.68,22.03,10.74,4.36,69.84,0.372136311569301,0.0578465063001145,0.0383734249713631,0.315435280641466,0.153780068728522,0.0624284077892325
"CS75",95.32,21.09,16.81,75.73,26.79,10.68,246.42,0.386819251684117,0.0855855855855856,0.0682168655141628,0.307320834347861,0.108716824933041,0.0433406379352325
"CS76",60.07,8.8,23.36,57.78,16.55,13.06,179.62,0.334428237390046,0.0489923171139071,0.130052332702372,0.321679100322904,0.0921389600267231,0.0727090524440485
"CS78",29.82,5.98,7.54,22.76,8.62,5.82,80.54,0.370250807052396,0.0742488204618823,0.0936180779736777,0.28259250062081,0.107027563943382,0.072262229947852
"CS79",124.1,9.19,30.72,56.72,29.68,7.32,257.73,0.481511659488612,0.0356574709967796,0.119194505878245,0.220075272572072,0.115159275210492,0.0284018158538005
"CS80",58.78,7.45,8.37,36.96,18.06,9.49,139.11,0.42254331104881,0.0535547408525627,0.0601682122061678,0.265689023075264,0.129825318093595,0.0682193947236
"CS81",94.98,20.23,7.24,43.53,18.42,7.64,192.04,0.494584461570506,0.105342636950635,0.0377004790668611,0.226671526765257,0.09591751718392,0.0397833784628202
"CS86",124.44,24.98,4.69,74.53,28.44,29.65,286.73,0.433997140166707,0.0871202873783699,0.0163568513932968,0.259930945488787,0.0991873888326997,0.103407386740139
"CS88",31.51,6.02,5.45,29.49,19.71,5.51,97.69,0.322550926399836,0.0616235029173917,0.0557887194185689,0.30187327259699,0.201760671511926,0.0564029071552871
"CS89",62.17,18.1,2.12,16.81,9.19,5.78,114.17,0.544538845581151,0.158535517211176,0.0185688009109223,0.147236577034247,0.0804940001751774,0.0506262590873259
"CS9",52.24,11.19,1.39,21.14,10.3,6.49,102.75,0.508418491484185,0.108905109489051,0.0135279805352798,0.205742092457421,0.100243309002433,0.0631630170316302
"CS93",77.58,10.52,18.24,81.24,26.3,14.41,228.29,0.33983091681633,0.046081738140085,0.0798983748740637,0.355863156511455,0.115204345350212,0.063121468307854
"CS97",82.29,8.34,18.67,45.21,13.14,11.58,179.23,0.459130725882944,0.0465323885510238,0.104167829046477,0.25224571779278,0.073313619371757,0.0646097193550187
"CS99",38.16,5.44,7.86,32.61,13.57,7.15,104.79,0.364156885198969,0.0519133505105449,0.0750071571714858,0.311193816203836,0.129497089416929,0.0682317014982346
"ETP1",36.68,8.71,12.98,55.54,32.82,10.36,157.09,0.233496721624546,0.0554459227194602,0.0826277929849131,0.35355528677828,0.208924820166783,0.0659494557260169
"ETP100",138.1,37.21,134.21,525.71,116.87,49.21,1001.31,0.137919325683355,0.037161318672539,0.134034414916459,0.525022220890633,0.116717100598216,0.0491456192387972
"ETP101",79.21,26.49,16.71,63.19,38.19,12.5,236.29,0.335223665834356,0.11210800287782,0.070718185280799,0.267425621058868,0.161623428837446,0.0529010961107114
"ETP102",65.08,8.32,49.9,92.96,47.42,32.8,296.48,0.219508904479223,0.0280626011872639,0.168308148947652,0.313545601726929,0.159943335132218,0.110631408526713
"ETP103",98.05,23.34,65.77,130.26,53.15,19.66,390.23,0.251262076211465,0.0598108807626272,0.168541629295544,0.333803141736924,0.136201727186531,0.0503805448069088
"ETP104",79.44,2.65,45.33,101.46,30.46,44.99,304.33,0.261032431899583,0.00870765287681136,0.148950152794664,0.333388098445766,0.100088719482141,0.147832944501035
"ETP105",55.53,13.44,20.53,40.86,15.92,10.35,156.63,0.354529783566367,0.0858073166060142,0.131073229904871,0.260869565217391,0.101640809551172,0.066079295154185
"ETP106",15.07,2.43,7.09,20.41,6.33,8.09,59.42,0.253618310333221,0.0408953214405924,0.119320094244362,0.343487041400202,0.106529787950185,0.136149444631437
"ETP122",103.88,21.59,12.78,49.85,23.55,16.13,227.78,0.456054087277197,0.0947844411274036,0.0561067696900518,0.218851523399772,0.103389235226973,0.0708139432786022
"ETP138",49.19,17.49,54.34,41.18,22.95,6.5,191.65,0.256665797025828,0.0912601095747456,0.283537698930342,0.214870858335507,0.11974954343856,0.033915992695017
"ETP139",57.36,4.18,169.46,103.29,71.42,21.96,427.67,0.134122103491009,0.0097738910842472,0.396240091659457,0.241517992844951,0.166997918956205,0.0513480019641312
"ETP14",188.44,18.61,257.95,61.74,52.6,40.99,620.33,0.303773797817291,0.0300001612045202,0.415827059790757,0.099527670755888,0.0847935776119162,0.0660777328196283
"ETP140",13.6,2.5,14.09,17.23,9.72,4.14,61.28,0.221932114882507,0.0407963446475196,0.22992819843342,0.281168407310705,0.158616187989556,0.0675587467362924
"ETP141",53.96,9.68,290.09,261.34,62.54,21.98,699.59,0.0771308909504138,0.0138366757672351,0.414657156334424,0.373561657542275,0.0893952171986449,0.031418402207007
"ETP142",6.88,1,7.56,21.71,6.55,3.27,46.97,0.146476474345327,0.0212901852246115,0.160953800298063,0.462209921226315,0.139450713221205,0.0696189056844795
"ETP143",149.63,37.48,88.19,210.23,153.59,36.16,675.28,0.221582158512025,0.0555029024997038,0.130597678000237,0.311322710579315,0.227446392607511,0.0535481578012084
"ETP145",139.95,18.02,429.98,234.81,104.87,28.38,956.01,0.146389682116296,0.0188491752178324,0.449765169820399,0.245614585621489,0.109695505277141,0.0296858819468416
"ETP148",23.91,3.49,12.76,34.88,23.62,9.01,107.67,0.222067428252995,0.0324138571561252,0.11851026284016,0.32395281879818,0.219374013188446,0.083681619764094
"ETP149",45.15,5.07,18.25,44.49,44.91,11.4,169.27,0.266733620842441,0.0299521474567259,0.10781591540143,0.262834524723814,0.265315767708395,0.0673480238671944
"ETP15",139.51,34.51,470.86,379.71,22.57,101.78,1148.94,0.121424965620485,0.0300363813602103,0.409821226521838,0.330487231709228,0.0196441937786133,0.0885860010096263
"ETP150",12.65,1.79,308,38.09,14.38,3.98,378.89,0.033386998865106,0.00472432632162369,0.812900841933015,0.100530496978015,0.0379529678798596,0.0105043680223812
"ETP151",18.21,4.27,14.98,38.62,14.7,4.77,95.55,0.190580847723705,0.0446886446886447,0.156776556776557,0.404186289900576,0.153846153846154,0.0499215070643642
"ETP153",145.07,64.61,47.2,75.87,19.37,8.16,360.28,0.402659042966582,0.179332741201288,0.131009215054957,0.210586210724992,0.053763739313867,0.0226490507383146
"ETP154",97.42,40.99,119.87,140.87,37.75,20.09,456.99,0.213177531237007,0.089695616971925,0.262303332676864,0.308256198166262,0.0826057462964179,0.0439615746515241
"ETP155",439.33,106.84,150.55,597.19,415.44,104.91,1814.26,0.242153825802255,0.0588890236239569,0.0829814910762515,0.329164507843418,0.228985922635124,0.057825229018994
"ETP158",55.82,14.15,5.05,31.73,23.8,5.96,136.51,0.408907772324372,0.103655409860084,0.0369936268405245,0.232437184089078,0.174346201743462,0.0436598051424804
"ETP159",113.18,25.24,25.33,119.87,89.75,23.6,396.97,0.285109706023125,0.0635816308537169,0.0638083482379021,0.301962364914225,0.226087613673577,0.0594503362974532
"ETP16",3.73,0.88,17.51,9.85,4.96,2.08,39.01,0.0956165085875417,0.0225583183799026,0.448859266854653,0.252499359138682,0.127146885413996,0.0533196616252243
"ETP160",23.7,3.78,185.26,106.02,28.57,13.11,360.44,0.0657529685939407,0.0104871823327045,0.513982909776939,0.294140494950616,0.0792642326045944,0.0363722117412052
"ETP162",14.83,1.18,284.58,14.82,17.73,4.06,337.2,0.0439798339264531,0.0034994068801898,0.843950177935943,0.0439501779359431,0.0525800711743772,0.0120403321470937
"ETP163",17.48,4.02,9.83,26.35,20.3,4.73,82.71,0.211340829403941,0.0486035545883206,0.118848990448555,0.318583000846331,0.245435860234554,0.0571877644782977
"ETP164",400.39,100.01,125.11,524.28,446.71,103.24,1699.74,0.235559556167414,0.0588384105804417,0.0736053749396967,0.308447174273712,0.262810782825609,0.0607387012131267
"ETP165",516,124.74,211.14,609.89,509.17,127.85,2098.79,0.245855945568637,0.0594342454461857,0.100600822378609,0.290591245431892,0.242601689544928,0.0609160516297486
"ETP166",165.18,36.42,30.17,174.15,141.16,41.81,588.89,0.280493810389037,0.0618451663298749,0.0512319788075872,0.295725857121024,0.239705208103381,0.0709979792490958
"ETP167",287.77,57.9,86.42,333.53,193.25,83.3,1042.17,0.276125776025025,0.055557154782809,0.0829231315428385,0.320034159494132,0.185430400030705,0.0799293781244903
"ETP169",32.82,4.7,13.04,76.47,41.48,12.91,181.42,0.180906184544152,0.0259067357512953,0.0718774115312534,0.421508102745012,0.228640723183772,0.0711608422445155
"ETP17",8.08,2.05,20.5,18.34,3.31,7.2,59.48,0.135843981170141,0.0344653665097512,0.344653665097512,0.308338937457969,0.0556489576328178,0.121049092131809
"ETP171",157.91,31.03,150.87,198.49,165.3,40.95,744.55,0.212087838291586,0.0416761802430999,0.202632462561279,0.266590558055201,0.222013296622121,0.0549996642267141
"ETP172",7.77,0.56,3.21,12.05,4.54,3.8,31.93,0.243344816786721,0.0175383651738177,0.100532414657062,0.377388036329471,0.142186031944879,0.119010335108049
"ETP173",25.47,7.83,21.31,26.98,12,4.94,98.53,0.258499949254034,0.0794681822795088,0.216279305795189,0.273825230894144,0.121790317669745,0.0501370141073785
"ETP174",87.96,24.99,15.37,86.74,58.49,18.09,291.64,0.301604718145659,0.0856878343162803,0.052701961322178,0.29742147853518,0.200555479358113,0.0620285283225895
"ETP177",13.74,3.2,10.75,14.45,5.09,3.04,50.27,0.273324050129302,0.0636562562164313,0.213845235727074,0.287447781977322,0.101253232544261,0.0604734434056097
"ETP179",21.1,1.84,33.4,38.79,22.96,6.28,124.37,0.16965506151001,0.0147945646056123,0.268553509688832,0.311891935354185,0.184610436600466,0.0504944922408941
"ETP18",52.12,12.91,103.42,64.62,17.9,17.97,268.94,0.193797873131553,0.0480032721053023,0.384546739049602,0.240276641630103,0.0665575964899234,0.0668178775935153
"ETP180",49.51,10.8,32.73,181.61,53.79,29.47,357.91,0.138330865301333,0.0301751837054008,0.0914475706183119,0.507418065994244,0.150289178843843,0.0823391355368668
"ETP183",25.43,5.34,15.77,42.36,27.75,8.04,124.69,0.203945785548159,0.0428262089983158,0.126473654663566,0.339722511829337,0.222551928783383,0.0644799101772395
"ETP184",11.89,2.44,23.1,32.48,5.36,5.9,81.17,0.146482690649255,0.0300603671307133,0.284587901934212,0.400147837871135,0.0660342491068129,0.0726869533078724
"ETP185",24.29,5.53,163.81,91,20.92,10,315.55,0.0769767073363968,0.0175249564252892,0.519125336713675,0.288385358897164,0.0662969418475677,0.0316906987799081
"ETP186",23.87,2.49,28.12,40.53,19.57,9.84,124.42,0.19185018485774,0.0200128596688635,0.226008680276483,0.325751486899212,0.157289824787012,0.0790869635106896
"ETP187",11.55,0.71,4.23,29.73,15.08,5.76,67.06,0.17223382045929,0.0105875335520429,0.0630778407396362,0.443334327467939,0.224873247837757,0.0858932299433343
"ETP188",71.3,16.98,104.5,101.79,46.01,21.45,362.03,0.196945004557633,0.0469021904262078,0.288650111869182,0.281164544374776,0.127088915283264,0.0592492334889374
"ETP19",46.73,11.87,97.07,93.41,28.57,18.14,295.79,0.15798370465533,0.0401298218330572,0.328172013928801,0.315798370465533,0.096588796105345,0.0613272930119342
"ETP192",17.3,2.52,18.79,30.15,16.2,7.25,92.21,0.187615226114304,0.0273289231102917,0.203773994143802,0.326971044355276,0.175685934280447,0.078624877995879
"ETP195",34.52,7.9,25.98,50.25,18.29,9.6,146.54,0.235567080660571,0.0539101951685547,0.177289477275829,0.342909785724034,0.124812337928211,0.0655111232428006
"ETP197",26.02,5.85,8.27,54.52,22.79,6.92,124.37,0.209214440781539,0.0470370668167564,0.0664951354828335,0.438369381683686,0.183243547479296,0.0556404277558897
"ETP198",32.03,8.75,141.64,32.89,21.19,5.43,241.93,0.132393667589799,0.0361674864630265,0.585458603728351,0.135948414830736,0.0875873186458893,0.0224445087421982
"ETP2",35.78,6.07,13.38,63.38,25.6,14.17,158.38,0.225912362672055,0.0383255461548175,0.0844803636822831,0.400176789998737,0.161636570274025,0.0894683672180831
"ETP200",8.27,0.78,6.05,15.43,6.06,4.04,40.63,0.203544179177947,0.0191976372138814,0.148904750184593,0.379768643859217,0.149150873738617,0.0994339158257445
"ETP203",234.9,57.2,53.69,293.68,254.55,59.5,953.52,0.246350364963504,0.0599882540481584,0.0563071566406578,0.307995637217887,0.266958217971306,0.0624003691584865
"ETP206",91.06,1.87,196,31.33,65.2,6.74,392.2,0.232177460479347,0.0047679755226925,0.499745028046915,0.0798827129015808,0.166241713411525,0.0171851096379398
"ETP207",11.85,2.13,28.3,42.54,10.61,4.13,99.56,0.119023704298915,0.0213941341904379,0.284250703093612,0.427280032141422,0.106568903173965,0.0414825231016472
"ETP208",54.22,11.88,183.79,134.8,31.32,10.57,426.58,0.12710394298842,0.0278494069107788,0.430845327957241,0.316001687842843,0.0734211636738713,0.0247784706268461
"ETP209",79.98,12.01,273.89,124.73,44.59,11.86,547.06,0.146199685592074,0.0219537162285673,0.50065806310094,0.228000584944979,0.0815084268635982,0.0216795232698424
"ETP21",8.03,1.32,87.32,26.65,7.35,6.21,136.88,0.0586645236703682,0.00964348334307423,0.637931034482759,0.194696084161309,0.0536966686148451,0.0453682057276447
"ETP210",98.47,15.26,150.36,143.22,52.03,16.6,475.94,0.20689582720511,0.0320628650670253,0.315922175064084,0.300920284069421,0.109320502584359,0.0348783460100013
"ETP211",19.28,1.46,2.9,17.69,6.96,7,55.29,0.348706818592874,0.0264062217399168,0.0524507144149032,0.31994935793091,0.125881714595768,0.126605172725629
"ETP212",52.26,5.69,18.7,39.89,16.95,14.8,148.29,0.352417560186122,0.0383707599973026,0.126104255175669,0.268999932564569,0.114303054825005,0.0998044372513319
"ETP22",4.98,0.95,19.45,11.39,2.41,2.74,41.92,0.118797709923664,0.022662213740458,0.463979007633588,0.271708015267176,0.0574904580152672,0.0653625954198473
"ETP223",7,1.32,9.36,9.31,3.96,3.26,34.21,0.204618532592809,0.0385852090032154,0.273604209295528,0.272142648348436,0.115755627009646,0.0952937737503654
"ETP224",43.6,9,129.23,96.24,41.62,13.48,333.17,0.130864123420476,0.0270132364858781,0.387880061230003,0.288861542155656,0.124921211393583,0.0404598253144041
"ETP225",26.75,5.88,36.83,90.05,21.22,11.24,191.97,0.139344689274366,0.0306297859040475,0.191852893681304,0.46908371099651,0.110538104912226,0.0585508152315466
"ETP226",6.04,1.39,17.53,25.01,5.83,2.24,58.04,0.104066161268091,0.0239490006891799,0.302033080634045,0.430909717436251,0.100447966919366,0.0385940730530668
"ETP227",33.77,11.66,44.77,37.14,14.98,4.67,146.99,0.229743519967345,0.079325124158106,0.304578542758011,0.252670249676849,0.101911694673107,0.0317708687665828
"ETP228",31.39,7.58,17.94,66.63,26.71,8.5,158.75,0.197732283464567,0.047748031496063,0.113007874015748,0.419716535433071,0.168251968503937,0.0535433070866142
"ETP23",44.8,7.61,230.31,31.91,16.7,12.42,343.75,0.130327272727273,0.0221381818181818,0.669992727272727,0.0928290909090909,0.0485818181818182,0.0361309090909091
"ETP230",5.51,1.2,201.82,22.53,5.47,2.03,238.56,0.0230969148222669,0.00503018108651911,0.845992622401073,0.0944416498993964,0.022929242119383,0.0085093896713615
"ETP231",12.89,2.59,243.64,26.18,13.14,3.05,301.49,0.0427543202096255,0.0085906663570931,0.808119672294272,0.0868353842581844,0.0435835351089588,0.0101164217718664
"ETP232",97.56,23.75,62.18,161.48,109.16,26.36,480.49,0.203042727215967,0.0494287081937189,0.129409561073071,0.336073591541968,0.227184748902162,0.0548606630731129
"ETP234",31.14,5.67,228.13,63.88,33.54,10.42,372.78,0.0835345243843554,0.015210043457267,0.611969526262139,0.171361124523848,0.089972638017061,0.0279521433553302
"ETP236",2.9,0.49,2.31,10.89,2.91,0.92,20.42,0.142017629774731,0.0239960822722821,0.113124387855044,0.533300685602351,0.142507345739471,0.0450538687561214
"ETP237",77.07,16.6,48.84,149.96,81.06,21.87,395.4,0.194916540212443,0.0419828022255943,0.123520485584219,0.379261507334345,0.205007587253414,0.0553110773899848
"ETP239",16,3.15,5.19,31.2,10.25,5.23,71.02,0.225288651084202,0.0443537031822022,0.0730780061954379,0.439312869614193,0.144325542100817,0.0736412278231484
"ETP24",31.77,7.29,336.78,40.04,15.8,9.56,441.24,0.0720016317650258,0.0165216208865923,0.76325809083492,0.0907442661590065,0.0358081769558517,0.0216662133986039
"ETP240",73.57,12.74,16.32,72.83,20.93,22.03,218.42,0.336828129292189,0.0583279919421298,0.0747184323779874,0.333440161157403,0.0958245581906419,0.100860727039648
"ETP242",16.99,1.57,23.72,22.34,10.36,6.76,81.74,0.20785417176413,0.0192072424761439,0.29018840225104,0.273305603131882,0.126743332517739,0.0827012478590653
"ETP243",135.18,37.38,73.74,136.73,59.08,24.72,466.83,0.289570079043763,0.0800719748088169,0.157959000064263,0.292890345521924,0.126555705503074,0.0529528950581582
"ETP244",81.37,19.57,26.14,102.32,43.79,20.11,293.3,0.277429253324241,0.0667234913058302,0.0891237640640982,0.348857824752813,0.149301056938288,0.0685646096147289
"ETP245",43.85,11.15,23.53,41.66,22.17,9.25,151.61,0.289228942681881,0.0735439614801134,0.155200844271486,0.274783985225249,0.146230459732208,0.0610118066090627
"ETP246",134.34,36.96,91.56,166.53,81.31,33.38,544.08,0.246912218791354,0.0679311865902073,0.168284075871195,0.306076312307014,0.149444934568446,0.0613512718717836
"ETP247",27.92,6.11,27.82,46.27,24.82,9.98,142.92,0.195354044220543,0.0427511894766303,0.194654352085083,0.323747551077526,0.173663588021271,0.0698292751189477
"ETP248",78.71,20.78,52.87,122.47,58.99,20.11,353.93,0.22238860791682,0.0587121747238154,0.149379820868533,0.346028875766394,0.166671375695759,0.056819145028678
"ETP27",128.35,30.81,108.62,243.05,70.06,44.45,625.34,0.205248344900374,0.0492691975565292,0.173697508555346,0.38866856430102,0.112035052931205,0.071081331755525
"ETP28",6.13,1.47,52.93,89.03,1.94,19.42,170.92,0.0358647320383805,0.00860051486075357,0.309677041890943,0.52088696466183,0.0113503393400421,0.113620407208051
"ETP3",28.54,8.22,20.32,114.74,38.34,11.99,222.15,0.128471753319829,0.037002025658339,0.09146972766149,0.516497861805087,0.172586090479406,0.0539725410758497
"ETP30",1.68,0.28,1.02,6.85,1.88,0.77,12.48,0.134615384615385,0.0224358974358974,0.0817307692307692,0.548878205128205,0.150641025641026,0.0616987179487179
"ETP31",2.63,0.32,4.23,9.55,2.7,1.7,21.13,0.124467581637482,0.0151443445338381,0.200189304306673,0.451964032181732,0.127780407004259,0.0804543303360151
"ETP32",5.12,0.52,2.68,17.88,5.74,3.21,35.15,0.145661450924609,0.0147937411095306,0.0762446657183499,0.508677098150782,0.163300142247511,0.0913229018492176
"ETP33",9.69,0.3,1.98,13.76,5.48,5.35,36.56,0.265043763676149,0.00820568927789934,0.0541575492341357,0.37636761487965,0.149890590809628,0.146334792122538
"ETP34",0.25,0.06,0.28,1.18,0.3,0.14,2.21,0.113122171945701,0.0271493212669683,0.126696832579186,0.53393665158371,0.135746606334842,0.0633484162895928
"ETP35",1.09,0.05,1.16,1.91,1.16,0.54,5.91,0.184433164128596,0.00846023688663283,0.196277495769882,0.323181049069374,0.196277495769882,0.0913705583756345
"ETP36",0.77,0.12,0.59,2.9,0.76,0.45,5.59,0.137745974955277,0.0214669051878354,0.105545617173524,0.518783542039356,0.135957066189624,0.0805008944543828
"ETP38",4.15,0.33,1.65,9.74,2.99,1.73,20.59,0.201554152501214,0.0160271976687713,0.0801359883438562,0.473045167557067,0.1452161243322,0.0840213695968917
"ETP40",1.48,0.28,1.19,5.74,1.46,1.33,11.48,0.128919860627178,0.024390243902439,0.103658536585366,0.5,0.127177700348432,0.115853658536585
"ETP42",8.75,2.49,4.27,46.93,16.69,6.68,85.81,0.101969467428039,0.0290175970166647,0.0497611001048829,0.546905955016898,0.194499475585596,0.0778464048479198
"ETP43",3.22,0.17,1.48,4.1,1.23,1.48,11.68,0.275684931506849,0.0145547945205479,0.126712328767123,0.351027397260274,0.105308219178082,0.126712328767123
"ETP44",3.67,0.84,1.49,11.54,4.73,1.78,24.05,0.152598752598753,0.0349272349272349,0.061954261954262,0.47983367983368,0.196673596673597,0.074012474012474
"ETP45",58.18,4.75,5.8,36.14,30.97,6.95,142.79,0.407451502206037,0.0332656348483787,0.0406190909727572,0.253098956509559,0.216891939211429,0.0486728762518384
"ETP46",36.57,7.25,17.12,36.05,10.59,5.95,113.53,0.322117501981855,0.0638597727472915,0.150797146128777,0.317537214833084,0.0932793094336299,0.0524090548753633
"ETP47",82.98,20.44,29.63,122.03,70.47,19.81,345.36,0.240271021542738,0.0591846189483438,0.0857945332406764,0.353341440815381,0.204047949965254,0.0573604354876071
"ETP49",70.81,21.98,8.61,45.47,18.67,7.91,173.45,0.408244450850389,0.126722398385702,0.0496396656096858,0.262150475641395,0.107639089074661,0.0456039204381666
"ETP5",64.58,14.05,116.7,201.89,44.18,24.42,465.82,0.138637241853076,0.0301618650981066,0.250525954231248,0.433407754068095,0.0948435017818041,0.0524236829676699
"ETP50",32.27,6.83,70.9,93.56,16.44,5.38,225.38,0.143180406424705,0.0303043748336143,0.314579820747183,0.415121128760316,0.0729434732451859,0.0238707959889964
"ETP52",34.97,6.51,13.84,36.5,17.92,6.79,116.53,0.3000943962928,0.055865442375354,0.1187676993049,0.313224062473183,0.153780142452587,0.0582682571011757
"ETP55",10.91,1.68,4.47,15.98,8.78,3.99,45.81,0.238157607509277,0.0366732154551408,0.097576948264571,0.348832132722113,0.191661209342938,0.0870988867059594
"ETP56",18.8,4.27,78.2,98.91,21.05,22.27,243.5,0.0772073921971253,0.0175359342915811,0.321149897330596,0.406201232032854,0.0864476386036961,0.0914579055441478
"ETP63",72.4,16.38,17.07,48.87,36.76,9.08,200.56,0.360989230155564,0.0816713203031512,0.0851116872756282,0.243667730355006,0.183286796968488,0.0452732349421619
"ETP65",12.99,3.12,3.65,23.12,6.99,2.07,51.94,0.250096264921063,0.0600693107431652,0.0702733923758183,0.445128994994224,0.134578359645745,0.0398536773199846
"ETP66",22.59,5.43,15.76,41.87,12.19,6.72,104.56,0.216048201989288,0.0519319051262433,0.150726855394032,0.400439938791125,0.116583779648049,0.0642693190512624
"ETP67",78.71,17.86,17.83,37.83,30.56,8.92,191.71,0.410568045485369,0.0931615460852329,0.0930050597256273,0.19732929946273,0.159407438318293,0.0465286109227479
"ETP68",4.59,0.39,1.87,8.31,5.54,1.66,22.36,0.205277280858676,0.0174418604651163,0.0836314847942755,0.371645796064401,0.247763864042934,0.0742397137745975
"ETP69",50.41,7,126.37,53.99,44.89,21.04,303.7,0.165986170563056,0.0230490615739216,0.416101415870925,0.177774119196576,0.147810339150477,0.0692788936450445
"ETP70",37.99,7.62,18.29,53.98,16.05,7.39,141.32,0.268822530427399,0.053920181149165,0.129422587036513,0.381969997169544,0.113572035097651,0.0522926691197283
"ETP71",73.17,14.33,254.53,161.51,47.44,14.8,565.78,0.129325886386935,0.0253278659549648,0.449874509526671,0.285464314751317,0.0838488458411397,0.0261585775389727
"ETP72",76.54,7.1,128.06,118.13,72.5,23.86,426.19,0.179591262113142,0.016659236490767,0.300476313381356,0.277176846007649,0.170111921912762,0.0559844200943241
"ETP73",121.99,20.68,305.51,303.41,132.76,34.29,918.64,0.132794130453714,0.0225115387964818,0.332567708786902,0.330281720804668,0.14451798310546,0.0373269180527737
"ETP74",92.97,19.59,59.07,102.87,86.02,23.17,383.69,0.242304985795825,0.0510568427636894,0.15395240949725,0.268107065599833,0.224191404519273,0.0603872918241289
"ETP75",67.06,14.36,32.8,53.87,29.3,7.55,204.94,0.327217722260174,0.070069288572265,0.160046842978433,0.262857421684395,0.142968673758173,0.03684005074656
"ETP76",66.11,10.19,52.7,35.23,45.95,10.29,220.47,0.299859391300404,0.0462194402866603,0.239034789313739,0.15979498344446,0.208418378917767,0.046673016736971
"ETP77",100.81,19.74,116.82,114.96,42.09,21.06,415.48,0.242635024549918,0.0475113122171946,0.281168768653124,0.276692018869741,0.101304515259459,0.0506883604505632
"ETP78",54.74,9.43,25.4,71.15,58.59,16.5,235.81,0.23213604172851,0.0399898223145753,0.107713837411475,0.30172596581994,0.248462745430643,0.069971587294856
"ETP79",78.31,16.41,825.85,230.24,23.07,11.58,1185.46,0.0660587451284733,0.0138427277175105,0.69664940191993,0.194219965245559,0.0194608000269937,0.00976835996153392
"ETP80",18.55,1.83,48.79,33.17,18.32,8.47,129.13,0.143653682335631,0.0141717648880973,0.377836289011074,0.256872918764036,0.141872531557345,0.0655928134438163
"ETP81",81.67,34.45,147.11,90.33,13.83,27.81,395.2,0.206654858299595,0.087171052631579,0.372241902834008,0.228567813765182,0.0349949392712551,0.0703694331983806
"ETP82",26.46,8.32,61.3,54.12,16.38,3.17,169.75,0.155876288659794,0.0490132547864507,0.361119293078056,0.318821796759941,0.0964948453608247,0.0186745213549337
"ETP83",49.27,12.12,97.73,85.57,31.2,10.63,286.52,0.171960072595281,0.042300711992182,0.341093117408907,0.29865279910652,0.108892921960073,0.0371003769370376
"ETP84",113.07,29.72,239.11,259.51,62.71,35.64,739.76,0.152846869254893,0.0401751919541473,0.323226451822213,0.350802963123175,0.0847707364550665,0.048177787390505
"ETP85",2.67,0.38,0.98,9.8,4.03,1.21,19.07,0.14001048767698,0.0199265862611432,0.0513896171997902,0.513896171997902,0.211326691137913,0.0634504457262716
"ETP86",38.05,8.03,70.61,35.9,15.97,5.79,174.35,0.218239174075136,0.0460567823343849,0.404989962718669,0.205907657011758,0.0915973616289074,0.0332090622311443
"ETP87",126.32,24.48,228.21,205.85,138.7,37.2,760.76,0.166044481833956,0.0321783479678217,0.299976339450024,0.270584678479415,0.182317682317682,0.0488984699511015
"ETP88",16.04,4.61,3.13,10.05,5.78,2.86,42.47,0.377678361196138,0.10854720979515,0.0736990817047328,0.236637626559925,0.136096067812574,0.067341652931481
"ETP89",46.03,7.99,25.91,56.31,34.31,10.13,180.68,0.254759796324994,0.0442218286473323,0.143402700907682,0.311655966349347,0.189893734779721,0.0560659729909232
"ETP90",151.53,47.17,76.88,243.14,59.85,38.74,617.31,0.24546824124022,0.0764121754061979,0.124540344397466,0.39387017867846,0.0969529085872576,0.0627561516903987
"ETP91",270.37,71.95,61.64,241.21,93.33,49.54,788.04,0.343091721232425,0.0913024719557383,0.0782193797269174,0.306088523425207,0.118433074463225,0.0628648291964875
"ETP92",307.4,77.58,46.02,204.83,134.21,58.24,828.28,0.371130535567682,0.0936639783648042,0.0555609214275366,0.247295600521563,0.162034577679046,0.0703143864393683
"ETP93",99.71,25.07,58.73,95.8,42.85,19.31,341.47,0.292002225671362,0.0734178697982253,0.171991683017542,0.280551732216593,0.125486865610449,0.0565496236858289
"ETP94",101.4,35.88,276.48,279.85,58.32,41.06,792.99,0.127870464949117,0.0452464722127644,0.348655090228124,0.352904828560259,0.0735444330949949,0.0517787109547409
"ETP95",48.75,12.29,61.18,47.56,23.92,8.76,202.46,0.240788303862491,0.0607033488096414,0.302183147288353,0.234910599624617,0.118146794428529,0.0432678059863677
"ETP96",189.27,46.96,271.13,288.26,120.96,51.35,967.93,0.195540999865693,0.0485159050757803,0.280113231328712,0.297810792102735,0.124967714607461,0.0530513570196192
"ETP98",43.35,4.14,11.61,42.35,18.03,16.71,136.19,0.318305308759821,0.0303987076877891,0.0852485498201043,0.310962625743447,0.132388574785227,0.122696233203613
"ETP99",34.36,10.84,22.64,27.05,10.31,4.38,109.58,0.313560868771674,0.0989231611607958,0.206607045081219,0.246851615258259,0.0940865121372513,0.0399707975908012
"FP1",26.68,7.45,2.47,17.98,14.01,5.37,73.96,0.360735532720389,0.100730124391563,0.0333964305029746,0.243104380746349,0.189426717144402,0.0726068144943213
"FP2",93.13,19.42,5.93,62.13,42.65,18.26,241.52,0.385599536270288,0.0804074196753892,0.0245528320635972,0.257245776747267,0.176589930440543,0.0756045048029149
"FP48",61.95,8.97,40.87,95.11,20.06,26.93,253.89,0.244003308519438,0.0353302611367128,0.160975225491355,0.374611052030407,0.0790105951396274,0.106069557682461
"FP52",569.43,38.48,38.5,168.48,74.74,48.16,937.79,0.607204171509613,0.0410326405698504,0.0410539673061133,0.179656426278804,0.0796980134145171,0.0513547809211017
"FP54",74.12,22.51,8.04,47.06,33.11,11.72,196.56,0.377085877085877,0.11451973951974,0.0409035409035409,0.239417989417989,0.168447293447293,0.0596255596255596
"GBR26",704.17,147.89,71.76,689.24,178.59,295.4,2087.05,0.337399678972713,0.0708607843607005,0.034383459907525,0.330246041062744,0.0855705421527994,0.141539493543518
"GBR27",199.93,45.81,10.39,164.61,42.66,77.98,541.38,0.369296981787284,0.0846170896597584,0.0191916952972034,0.304056300565222,0.0787986257342347,0.144039306956297
"GBR41",84.97,23.54,50.68,73.05,34.26,17.65,284.15,0.299032201302129,0.0828435685377441,0.178356501847616,0.257082526834418,0.120570121414746,0.0621150800633468
"GBR46",63.46,15.24,11.23,54.87,21.5,18.33,184.63,0.343714455938905,0.0825434653089964,0.0608243514055137,0.297188972539674,0.116449114445106,0.0992796403618047
"GBR47",88.66,20.88,22.87,95.32,28.25,33.64,289.62,0.306125267592017,0.072094468614046,0.0789655410537946,0.329120917063739,0.0975416062426628,0.116152199433741
"GBR48",62.77,20.65,22.12,120.38,33.38,25.87,285.17,0.220114317775362,0.0724129466633938,0.0775677665953642,0.42213416558544,0.117052985938212,0.0907178174422274
"GBR49",42.93,9.84,8.12,86.78,23.16,18.34,189.17,0.226938732357139,0.0520167045514617,0.042924353755881,0.458740815139821,0.122429560712587,0.0969498334831104
"GBR53",39.16,9.93,17.35,41.33,14.91,10.1,132.78,0.294923934327459,0.0747853592408495,0.130667269167043,0.311266757041723,0.11229100768188,0.0760656725410453
"GBR54",74.78,16.31,35.73,102.78,36.75,23.27,289.62,0.258200400524826,0.056315171604171,0.123368551895587,0.354878806712244,0.126890408120986,0.0803466611421863
"GBR55",97.7,28.95,15.75,98.28,45.22,23.46,309.36,0.31581329195759,0.0935802948021722,0.050911559348332,0.317688130333592,0.146172743728989,0.0758339798293251
"GBR62",40.94,5.87,25.2,61.85,14.59,10.26,158.71,0.257954760254552,0.0369856971835423,0.158780165080965,0.389704492470544,0.0919286749417176,0.0646462100686787
"GBR63",94.3,27.15,128.44,128.79,44.22,26.79,449.69,0.209700015566279,0.0603749249482977,0.285618981965354,0.286397295914964,0.0983344081478352,0.0595743734572706
"GBR64",201.5,38.72,102.56,294.37,62.4,50.04,749.59,0.268813618111234,0.0516549046812257,0.136821462399445,0.392708013714164,0.0832455075441241,0.0667564935498072
"GBR65",58.88,17.4,9.33,38.23,23.45,9.93,157.22,0.374507060170462,0.110672942373744,0.059343594962473,0.24316244752576,0.149154051647373,0.0631599033201883
"GBR71",58.53,12.02,13.59,84.39,35.79,29.88,234.2,0.249914602903501,0.0513236549957301,0.0580273270708796,0.360333048676345,0.152818104184458,0.127583262169086
"GBR72",143.19,19.38,13.23,122.45,48.12,34.65,381.02,0.375807044249646,0.0508634717337673,0.0347225867408535,0.321374206078421,0.126292583066506,0.0909401081308068
"GBR80",56.86,17.52,105.22,178.05,45.89,32.48,436.02,0.130406862070547,0.0401816430438971,0.24131920554103,0.408352827851933,0.105247465712582,0.0744919957800101
"GBR81",25.2,5.22,13.84,37.14,18.23,13.17,112.8,0.223404255319149,0.0462765957446808,0.122695035460993,0.329255319148936,0.161613475177305,0.116755319148936
"GBR82",148.88,23.16,75.58,182.72,79.85,59.95,570.14,0.261128845546708,0.0406216017118602,0.132563931665907,0.320482688462483,0.140053320237135,0.105149612375908
"GBR83",78.33,19.67,16.83,87.33,51.18,21.52,274.86,0.284981445099323,0.07156370515899,0.0612311722331369,0.317725387469985,0.186203885614495,0.0782944044240704
"GBR85",14.04,3.01,1.47,14.54,7.4,5.63,46.09,0.304621392926882,0.0653070080277718,0.0318941201996095,0.315469733130831,0.160555435018442,0.122152310696463
"GBR88",108.92,17.67,10.07,85.13,35.96,37.77,295.52,0.368570655116405,0.0597929074174337,0.0340755278830536,0.288068489442339,0.121683811586356,0.127808608554413
"GBR90",83.28,18.13,10.57,54.6,34.69,22.28,223.55,0.372534108700514,0.0811004249608589,0.0472824871393424,0.244240662044285,0.155177812569895,0.099664504585104
"GBR91",26.9,6.46,3.43,26.85,12.73,7.01,83.38,0.322619333173423,0.0774766130966659,0.0411369633005517,0.322019668985368,0.152674502278724,0.0840729191652674
"GBR92",94.56,16.15,11,48.86,23.55,14.86,208.98,0.452483491243181,0.0772801224997607,0.0526366159441095,0.233802277729926,0.112690209589434,0.0711072829935879
"GBR93",107.77,12.05,8.65,44.61,21.79,13.87,208.74,0.516288205423014,0.0577273162786241,0.0414391108556098,0.213710836447255,0.104388234166906,0.0664462968285906
"GBR95",119.83,42.77,18.84,144.5,74.14,41.09,441.17,0.271618650406873,0.0969467552190765,0.0427046263345196,0.327538137226013,0.168053131445928,0.0931386993675907
"HAWAII1",71.18,13.13,3.73,30.6,13.7,4.56,136.9,0.519941563184806,0.09590942293645,0.0272461650840029,0.223520818115413,0.100073046018992,0.033308984660336
"HAWAII3",0.57,0.01,0.09,1.61,0.4,0.33,3.01,0.18936877076412,0.00332225913621262,0.0299003322259136,0.534883720930233,0.132890365448505,0.109634551495017
"MI2",84.05,9.61,29.87,142.88,18.7,31.23,316.34,0.265695138142505,0.03037870645508,0.0944237213125119,0.451665929063666,0.059113611936524,0.0987228930897136
"MI7",135.74,4.08,5.5,19.96,6.65,35.43,207.36,0.654610339506173,0.0196759259259259,0.0265239197530864,0.0962577160493827,0.0320698302469136,0.170862268518519
"NIC11",1.1,0.18,7.67,4.65,1.25,0.88,15.73,0.0699300699300699,0.0114431023521933,0.487603305785124,0.295613477431659,0.0794659885568976,0.0559440559440559
"NIC13",66.18,0.77,38.12,27.26,45.07,11.92,189.32,0.349566870906402,0.00406718783012888,0.201352207901965,0.143989013310797,0.238062539615466,0.0629621804352419
"NIC14",12.73,1.11,10.05,48.87,22.2,6.18,101.14,0.125865137433261,0.0109748862962231,0.0993672137631007,0.483191615582361,0.219497725924461,0.0611034210005932
"NIC7",7.8,0.84,14.2,30.88,12.85,5.62,72.19,0.108048206122732,0.0116359606593711,0.196703144479845,0.427760077573071,0.178002493420141,0.07785011774484
"NIUE4",139.16,11.37,9.48,31.09,12.06,3.71,206.87,0.672692995601102,0.0549620534635278,0.0458258809880601,0.150287620244598,0.0582974815101271,0.0179339681925847
"NMP-BF1",48.44,18.18,3.86,26.09,17.44,6.21,120.22,0.402927965396773,0.151222758276493,0.0321078023623357,0.217018798868741,0.14506737647646,0.0516552986191981
"NMP-BF2",107.05,39.6,6.62,55.43,22.89,19.39,250.98,0.426528010200016,0.157781496533588,0.0263766037134433,0.220854251334768,0.0912024862538848,0.0772571519643
"NMP-BF3",44.07,16.73,4.31,13.23,4.62,4.34,87.3,0.504810996563574,0.19163802978236,0.0493699885452463,0.151546391752577,0.0529209621993127,0.0497136311569301
"NMP-BF4",183.42,60.95,2.83,46.71,47.42,10.93,352.26,0.520694941236587,0.173025606086413,0.00803383864191222,0.132600919775166,0.134616476466247,0.0310282177936751
"NMP-S1",76.36,23.39,6.36,21.53,14.96,7.68,150.28,0.508118179398456,0.155642800106468,0.0423210007985095,0.143265903646526,0.0995475113122172,0.0511046047378227
"NMP-S2",28.19,9.97,1.22,16.93,9.68,6.6,72.59,0.38834550213528,0.137346741975479,0.0168067226890756,0.233227717316435,0.133351701336272,0.0909216145474583
"NMP16",18.62,3.86,3.55,26.7,10.57,6.21,69.51,0.267875125881168,0.0555315781901885,0.0510717882319091,0.384117393180837,0.152064451158107,0.0893396633577902
"NMP17",24.77,5.97,281.76,41.12,12.64,10.02,376.28,0.0658286382481131,0.0158658445838206,0.748804082066546,0.109280323163602,0.0335920059530137,0.0266291059849049
"NMP23",74.13,19.46,12.19,80.17,34.49,21.54,241.98,0.306347632035705,0.0804198694106951,0.050376064137532,0.331308372592776,0.142532440697578,0.0890156211257129
"NT100",14.3,5.04,5.7,25.72,9.19,4.33,64.28,0.222464219041693,0.0784069695084007,0.0886745488487866,0.400124455507156,0.142968263845675,0.0673615432482887
"NT102",8.68,2.46,11.84,21.02,5.68,2.81,52.49,0.165364831396456,0.0468660697275672,0.225566774623738,0.400457229948562,0.108211087826253,0.0535340064774243
"NT103",63.94,14.48,14.08,79.53,40.8,19.85,232.68,0.274798005844937,0.0622313907512463,0.060512291559223,0.341799896854048,0.175348117586385,0.0853102974041602
"NT20",18.69,7.56,3.8,35.54,9.52,7.65,82.76,0.225833736104398,0.0913484775253746,0.0459159014016433,0.429434509424843,0.115031416143064,0.0924359594006767
"NT24",94.16,16.93,39.44,112.09,61.31,18.73,342.66,0.274791338352886,0.0494075760228798,0.115099515554777,0.327117259090644,0.178923714469153,0.0546605965096597
"NT25",72.1,21.7,23.58,79.03,33.39,18.72,248.52,0.290117495573797,0.0873169161435699,0.094881699661999,0.318002575245453,0.134355383872525,0.0753259295026557
"NT26",31.55,10.93,11.34,43.37,15.7,11.18,124.07,0.254291931973886,0.088095429999194,0.0914000161199323,0.349560731844926,0.126541468525832,0.0901104215362296
"NT28",170.15,51,23.72,114.47,70.67,26,456.01,0.373127782285476,0.111839652639197,0.0520164031490537,0.251025196815859,0.154974671608079,0.0570162935023355
"NT29",58.65,20.58,9.81,69.27,28.01,14.75,201.07,0.291689461381608,0.102352414581986,0.0487889789625504,0.344506888148406,0.139304719749341,0.0733575371761078
"NT30",46.72,8.87,17.8,68.14,34.81,10.34,186.68,0.250267838011571,0.0475144632526248,0.0953503321191344,0.365009642168417,0.186468823655453,0.0553889007928005
"NT31",69.66,5.33,4.89,32.73,19.38,3.3,135.29,0.514893931554439,0.039396851208515,0.036144578313253,0.241924754231651,0.143247837977678,0.0243920467144652
"NT32",21.8,1.1,18.24,29.16,9.36,1.77,81.43,0.267714601498219,0.0135085349379835,0.223996070244382,0.358098980719637,0.114945351835933,0.0217364607638462
"NT33",6.97,1.69,9.43,17.1,5.5,2.77,43.46,0.160377358490566,0.038886332259549,0.216981132075472,0.393465255407271,0.126553152323976,0.0637367694431661
"NT34",12.15,2.33,6.63,24.26,9.35,4.48,59.2,0.205236486486486,0.0393581081081081,0.111993243243243,0.409797297297297,0.157939189189189,0.0756756756756757
"NT35",9.39,3.07,2.2,20.12,4.51,3.28,42.57,0.220577871740662,0.0721165139769791,0.0516795865633075,0.472633309842612,0.10594315245478,0.0770495654216584
"NT36",4.84,0.81,3.42,7.65,4.25,2.33,23.3,0.207725321888412,0.0347639484978541,0.146781115879828,0.328326180257511,0.182403433476395,0.1
"NT37",43.56,11.48,13.83,55.13,24.69,12.85,161.54,0.269654574718336,0.0710659898477157,0.0856134703479014,0.341277702117123,0.152841401510462,0.0795468614584623
"NT38",58.7,20.17,13.4,62.41,23.23,12.13,190.04,0.308882340559882,0.10613555041044,0.0705114712692065,0.328404546411282,0.122237423700274,0.063828667648916
"NT39",55.96,14.04,16.21,79.65,37.28,15.45,218.59,0.256004391783705,0.0642298366805435,0.0741570977629352,0.364380804245391,0.170547600530674,0.0706802689967519
"NT40",6.64,5.22,10.54,23.57,4.87,6.84,57.68,0.115117891816921,0.090499306518724,0.182732316227462,0.408633841886269,0.0844313453536755,0.118585298196949
"NT41",74.02,17.63,103.07,103.51,45.57,18.35,362.15,0.204390445947812,0.0486814855722767,0.284605826315063,0.2858207924893,0.125831837636339,0.0506696120392103
"NT42",49.17,14.33,21.11,79.07,28.12,17.08,208.88,0.235398314821907,0.0686039831482191,0.101062811183455,0.378542703944849,0.134622749904251,0.081769436997319
"NT43",6.09,1.64,2.81,11.55,3.84,2.67,28.6,0.212937062937063,0.0573426573426573,0.0982517482517482,0.403846153846154,0.134265734265734,0.0933566433566433
"NT44",22.74,5.93,5.47,25.28,18.72,5.17,83.31,0.272956427799784,0.0711799303805065,0.0656583843476173,0.303444964590085,0.224702916816709,0.0620573760652983
"NT45",123.54,29.12,20.67,137.54,83.56,27.83,422.26,0.292568559655189,0.0689622507459859,0.0489508833420168,0.325723487898451,0.197887557429072,0.0659072609292853
"NT46",45.62,10.44,35.63,88.05,38.16,16.35,234.25,0.194749199573106,0.0445677694770544,0.152102454642476,0.375880469583778,0.16290288153682,0.0697972251867663
"NT48",3.94,0.86,1.76,9.3,2.91,1.76,20.53,0.19191427179737,0.0418899171943497,0.0857282026302971,0.452995616171456,0.14174378957623,0.0857282026302971
"NT49",127.94,30.67,122.24,160.79,79.96,33.85,555.45,0.230335763795121,0.0552164911333153,0.220073814024665,0.28947700063012,0.143955351516788,0.060941578899991
"NT50",44.56,9.72,10.98,61.17,28.94,12.74,168.11,0.265064541074297,0.0578192849919695,0.0653143774909286,0.363868895366129,0.172149188031646,0.07578371304503
"NT51",37.01,9.81,11.76,53.11,22.71,11.88,146.28,0.253007929997266,0.0670631665299426,0.0803937653814602,0.363070823079026,0.155250205086136,0.081214109926169
"NT52",55.68,14.14,14.02,85.7,41.63,16.5,227.67,0.244564501251812,0.0621074362015197,0.0615803575350288,0.37642201431897,0.18285237405016,0.0724733166425089
"NT53",114.08,28.18,33.34,138.92,76.92,30.62,422.06,0.270293323224186,0.0667677581386533,0.0789935080320334,0.329147514571388,0.182248969340852,0.0725489266928873
"NT54",62.99,15.05,26.11,75.98,37.43,15.78,233.34,0.269949430016285,0.0644981571955087,0.111896802948487,0.325619268020914,0.160409702579926,0.0676266392388789
"NT55",31.25,8.2,70.89,83.91,18.83,11.26,224.34,0.139297494873852,0.0365516626548988,0.315993581171436,0.374030489435678,0.0839350985111884,0.0501916733529464
"NT56",29.37,7.55,21.66,60.71,17.5,11.71,148.5,0.197777777777778,0.0508417508417508,0.145858585858586,0.408821548821549,0.117845117845118,0.0788552188552189
"NT57",87.33,17.91,29.58,121.97,55.61,25.02,337.42,0.258816904747792,0.053079248414439,0.0876652243494754,0.361478276332168,0.164809436310829,0.0741509098452967
"NT58",41.65,11.21,14.35,46.58,16.92,11.8,142.51,0.292260192267209,0.0786611465862045,0.100694688092064,0.326854255841695,0.11872851027998,0.0828012069328468
"NT59",34.2,9.52,12.59,44.54,22.01,9.28,132.14,0.258816406841229,0.0720448009686696,0.0952777357348267,0.337066747389133,0.166565763584077,0.0702285454820645
"NT60",19,4.77,96.49,84.06,11.88,4.3,220.5,0.0861678004535147,0.0216326530612245,0.437596371882086,0.381224489795918,0.0538775510204082,0.0195011337868481
"NWS101",104.5,12.01,62.54,161.87,30.2,17.11,388.23,0.269170337171264,0.0309352703294439,0.161090075470726,0.416943564381939,0.0777889395461453,0.0440718131004817
"NWS104",81.1,12.15,29.37,47.39,21.6,17.52,209.13,0.38779706402716,0.0580978338832305,0.140438961411562,0.226605460718214,0.103285038014632,0.0837756419452016
"NWS105",1.2,0.3,0.44,3.37,1.18,0.73,7.22,0.166204986149584,0.0415512465373961,0.0609418282548476,0.466759002770083,0.163434903047091,0.101108033240997
"NWS106",139.28,11.91,29.38,57.38,23.34,18.88,280.17,0.497126744476568,0.0425099047007174,0.104864903451476,0.204804226005639,0.0833065638719349,0.0673876574936646
"NWS107",284.42,29.88,42.96,162.75,49.15,35.96,605.12,0.470022474881015,0.0493786356425172,0.0709941829719725,0.268954918032787,0.0812235589635114,0.0594262295081967
"NWS108",24.38,2.08,12.61,22.57,4.78,3.8,70.22,0.347194531472515,0.0296211905440046,0.179578467673028,0.321418399316434,0.0680717744232412,0.0541156365707776
"NWS109",2.33,0.6,1.81,8.52,1.74,0.71,15.71,0.148313176320815,0.0381922342457034,0.115213239974539,0.542329726288988,0.11075747931254,0.0451941438574157
"NWS110",8.96,2.45,18.55,33.93,7.74,11,82.63,0.108435193029166,0.0296502480939126,0.224494735568196,0.410625680745492,0.0936705796926056,0.133123562870628
"NWS111",21.4,5.79,6.6,26.81,9.85,5.02,75.47,0.28355638001855,0.0767192261825891,0.0874519676692726,0.35524049291109,0.130515436597323,0.066516496621174
"NWS113",33.03,9.07,48.39,52.9,20.29,18.19,181.87,0.181613240226535,0.0498707868257547,0.266069170286468,0.29086710287568,0.111563204486721,0.10001649529884
"NWS114",20.75,5.08,13.19,48.51,10.41,8.49,106.43,0.194963825988913,0.0477309029409001,0.123931222399699,0.455792539697454,0.0978107676407028,0.0797707413323311
"NWS115",46.32,16.16,26.96,46.62,14.26,15.84,166.16,0.278767453057294,0.0972556571978816,0.162253249879634,0.280572941742898,0.0858208955223881,0.0953298025999037
"NWS116",56.37,5.08,11.66,46.49,16.67,9.55,145.82,0.386572486627349,0.0348374708544781,0.0799615964888218,0.318817720477301,0.114319023453573,0.0654917020984776
"NWS117",84.86,21.34,34.31,107.94,40.13,18.21,306.79,0.276606147527625,0.0695589817138759,0.111835457479057,0.35183676130252,0.130806088855569,0.0593565631213534
"NWS118",32.06,7.95,16.86,60.39,17.77,15.15,150.18,0.213477160740445,0.0529364762285258,0.112265281662006,0.402117459049141,0.118324677054202,0.100878945265681
"NWS119",60.82,18.51,14.92,60.54,26.2,13.6,194.59,0.312554601983658,0.0951230792949278,0.0766740325813248,0.311115679120201,0.134642067937715,0.0698905390821728
"NWS121",111.04,25.72,31.83,114.23,53.81,32.3,368.93,0.30097850540753,0.0697151221098853,0.0862765294229258,0.309625132138888,0.14585422708915,0.0875504838316212
"NWS122",119.3,28.81,25.14,99.16,43.96,29.64,346.01,0.344787722898182,0.0832634894945233,0.0726568596283344,0.286581312678824,0.127048351203722,0.0856622640964134
"NWS123",37.21,10.93,7.85,42.24,17.67,8.23,124.13,0.299766373962781,0.088052847820833,0.0632401514541207,0.340288407314912,0.142350761298639,0.0663014581487151
"NWS124",49.59,17.28,6.94,24.47,9.44,5.89,113.61,0.436493266437814,0.152099287034592,0.0610861719919021,0.215385969544934,0.0830912771763049,0.051844027814453
"NWS125",38.89,8.95,23.03,57.74,19.25,15.43,163.29,0.238165227509339,0.0548104599179374,0.141037418090514,0.353604017392369,0.117888419376569,0.0944944577132709
"NWS126",11.57,3.59,60.61,27.58,6.23,3.03,112.61,0.102743983660421,0.0318799396145991,0.538229286919456,0.244916082053104,0.0553236835094574,0.0269070242429624
"NWS127",255.4,25.09,77.09,186.95,55.47,30.13,630.13,0.405313189341882,0.0398171805817847,0.122339834637297,0.296684811070731,0.0880294542396013,0.0478155301287036
"NWS128",18.44,2.57,5.33,24.17,8.64,5.54,64.69,0.285051785438244,0.0397279332199722,0.0823929509970629,0.37362807234503,0.133560055650023,0.0856392023496677
"NWS129",16.62,7.88,14.07,43.34,12.39,6.62,100.92,0.164684898929845,0.078081648830757,0.139417360285375,0.429449068569164,0.122770511296076,0.0655965120887832
"NWS130",32.88,9.22,9.22,30.29,12.68,10.14,104.43,0.314852054007469,0.0882888058986881,0.0882888058986881,0.290050751699703,0.121421047591688,0.0970985349037633
"NWS131",74.53,19.44,116.65,81.73,32.02,21.84,346.21,0.215273966667629,0.0561508910776696,0.336934230669247,0.236070592992692,0.0924872187400711,0.0630830998526906
"NWS132",63.11,9.63,17.86,80.59,19.88,33.26,224.33,0.2813266170374,0.042927829536843,0.0796148531181741,0.359247537110507,0.08861944456827,0.148263718628806
"NWS133",113.66,33.75,164.5,154.41,59.71,35.22,561.25,0.202512249443207,0.0601336302895323,0.293095768374165,0.275118040089087,0.106387527839644,0.0627527839643653
"NWS134",54.59,19.95,6.64,22.09,14.6,6.08,123.95,0.440419524001614,0.160951996772892,0.0535699878983461,0.178217022993142,0.117789431222267,0.0490520371117386
"NWS135",26.81,6.53,25.4,50.46,19.97,11.82,140.99,0.19015533016526,0.0463153415135825,0.180154620895099,0.357897723242783,0.141641251152564,0.0838357330307114
"NWS136",63.8,19.98,7.75,33.83,17.34,13.29,155.99,0.409000576960061,0.128085133662414,0.0496826719661517,0.21687287646644,0.11116097185717,0.085197769087762
"NWS137",39.09,7.41,9.48,29.2,15.18,7.69,108.05,0.361776955113373,0.0685793614067561,0.0877371587228135,0.270245256825544,0.140490513651087,0.0711707542804257
"NWS138",93.86,27.86,25.75,83.59,30.89,27.85,289.8,0.323878536922015,0.0961352657004831,0.0888543823326432,0.288440303657695,0.106590752242926,0.0961007591442374
"NWS139",118,17.24,53.18,164.03,40.99,30.36,423.8,0.278433223218499,0.0406795658329401,0.125483718735252,0.38704577630958,0.0967201510146295,0.0716375648890986
"NWS140",46.46,12.01,3.93,27.85,19.72,9.27,119.24,0.389634350888963,0.100721234485072,0.0329587386782959,0.233562562898356,0.165380744716538,0.0777423683327742
"NWS141",97.94,20.54,25.65,97.79,40.35,23.24,305.51,0.320578704461392,0.0672318418382377,0.0839579719158129,0.320087722169487,0.132074236522536,0.0760695230925338
"NWS142",74.89,24.59,16.92,46.77,13.39,18.45,195.01,0.384031588123686,0.126096097636019,0.086764781293267,0.239833854674119,0.068663145479719,0.0946105327931901
"NWS143",12.54,4.51,5.76,20.77,5.11,3,51.69,0.242600116076611,0.0872509189398336,0.111433546140453,0.401818533565487,0.0988585799961308,0.0580383052814858
"NWS144",61.01,19.68,170.3,96.33,32.44,30.78,410.54,0.148609148925805,0.0479368636430068,0.414819506016466,0.234642178594047,0.0790178788912164,0.0749744239294588
"NWS145",27.96,8.17,8.96,36.29,14.1,11.17,106.65,0.262165963431786,0.0766057196436943,0.0840131270511017,0.340271917487107,0.132208157524613,0.104735114861697
"NWS146",61.22,15.46,7.01,43.71,15.96,13.86,157.22,0.389390662765551,0.0983335453504643,0.0445872026459738,0.27801806385956,0.101513802315227,0.0881567230632235
"NWS147",19.07,3.25,2.83,22.03,10.93,6.23,64.34,0.296394156046006,0.050512900217594,0.0439850792663973,0.342399751321107,0.169878769039478,0.0968293441094187
"NWS148",32.65,6.37,33.63,135.26,23.95,18.92,250.78,0.130193795358482,0.0254007496610575,0.134101602998644,0.539357205518781,0.0955020336549964,0.0754446128080389
"NWS149",237.04,14.47,163.59,166.21,51.11,23.39,655.81,0.3614461505619,0.0220643174090057,0.249447248440859,0.253442307985545,0.077934157759107,0.0356658178435827
"NWS150",33.88,11.02,8.92,26.83,14.47,7.88,103,0.328932038834951,0.106990291262136,0.0866019417475728,0.260485436893204,0.140485436893204,0.076504854368932
"NWS152",62.77,16.16,8.96,41.88,20.02,12.49,162.28,0.386800591570126,0.0995809711609564,0.0552132117328075,0.258072467340399,0.123367019965492,0.0769657382302194
"NWS153",52.44,18.45,292.01,295.14,35.47,165.43,858.94,0.0610519943185787,0.021479963676159,0.339965538920064,0.343609565278134,0.0412950846392065,0.192597853167858
"NWS154",22.09,4.84,18.92,39.82,10.05,17.21,112.93,0.195607898698309,0.0428584078632781,0.167537412556451,0.352607810147879,0.0889931816169308,0.152395289117152
"NWS155",271.15,8.8,81.08,29.36,9.33,48.33,448.05,0.605177993527508,0.019640665104341,0.18096194621136,0.0655284008481196,0.0208235687981252,0.107867425510546
"NWS159",118.33,28.33,7.01,44.45,39.8,15.39,253.31,0.467135130867317,0.111839248351822,0.0276736015159291,0.175476688642375,0.157119734712408,0.0607555959101496
"NWS160",2.22,0.68,0.9,5.73,1.05,0.96,11.54,0.192374350086655,0.0589254766031196,0.0779896013864818,0.496533795493934,0.0909878682842288,0.0831889081455806
"NWS161",29.1,1.41,70.28,22.36,3.35,5.49,131.99,0.220471247821805,0.0106826274717782,0.532464580650049,0.169406773240397,0.0253807106598985,0.0415940601560724
"NWS162",6.34,2.89,3.72,27.29,3.94,6.39,50.57,0.125370773185683,0.0571485070199723,0.0735614000395491,0.539648012655725,0.0779118054182322,0.126359501680838
"NWS186",281.12,59.14,117.85,747.85,173.92,98.45,1478.33,0.190160518963966,0.0400045997848924,0.0797183308192352,0.505874872322147,0.117646263012994,0.0665954150967646
"NWS187",70.08,13.72,21.96,69.41,40.69,21.5,237.36,0.295247724974722,0.0578024941017863,0.0925176946410516,0.29242500842602,0.171427367711493,0.0905797101449275
"NWS188",26.96,5.3,7.4,19.62,7.32,3.44,70.04,0.384922901199315,0.075671045117076,0.105653912050257,0.280125642490006,0.10451170759566,0.049114791547687
"NWS189",153.22,9.85,17.68,59.16,20.05,12.66,272.62,0.56202773090749,0.0361308781454039,0.0648521751889076,0.217005355439806,0.0735455946005429,0.046438265717849
"NWS190",217.04,48.1,37.86,187.33,85.48,41.21,617.02,0.351755210528022,0.0779553337006904,0.0613594372953875,0.303604421250527,0.138536838352079,0.0667887588732942
"NWS191",193.47,27.9,4.17,62.63,42.45,21.1,351.72,0.550068236096895,0.0793244626407369,0.011856021835551,0.178067781189583,0.120692596383487,0.0599909018537473
"NWS192",236.67,28.2,9.16,69.66,64.96,19.92,428.57,0.552231840772803,0.0658002193340644,0.0213734045780153,0.162540541801806,0.151573838579462,0.0464801549338498
"NWS193",141.76,32.32,7.83,84.2,72.78,29.7,368.59,0.384600775929895,0.0876855042187797,0.021243115656963,0.228438101956103,0.19745516698771,0.0805773352505494
"NWS50",19.49,4.82,8.2,35.17,13.06,7.58,88.32,0.22067481884058,0.0545742753623188,0.0928442028985507,0.398211050724638,0.147871376811594,0.0858242753623188
"NWS52",131.33,16.89,11.96,72.65,36.93,21.9,291.66,0.45028457793321,0.0579098950833162,0.0410066515806076,0.249091407803607,0.126620037029418,0.0750874305698416
"NWS53",27.63,5.91,17.49,46.95,17.4,6.67,122.05,0.226382630069644,0.0484227775501843,0.143301925440393,0.384678410487505,0.142564522736583,0.0546497337156903
"NWS54",34.19,10.91,12.56,29.31,14.54,5.72,107.23,0.318847337498834,0.101743914949175,0.117131399794834,0.273337685349249,0.135596381609624,0.0533432807982841
"NWS55",190.28,24.43,51.18,89.29,64.14,22.1,441.42,0.431063386344071,0.0553441167142404,0.1159439989126,0.20227900865389,0.145303792306647,0.0500656970685515
"NWS56",11.85,3.29,8.55,22.53,13.04,5.19,64.45,0.183863460046548,0.0510473235065943,0.13266097750194,0.349573312645462,0.202327385570209,0.0805275407292475
"NWS59",23.46,5.65,9.1,31.65,11.04,7.86,88.76,0.264308246958089,0.0636547994592159,0.102523659305994,0.356579540333483,0.124380351509689,0.0885534024335286
"NWS60",45.55,7.61,11.15,72.74,30.21,23.57,190.83,0.238694125661584,0.0398784258240319,0.0584289681915841,0.381176963789761,0.158308442068857,0.123513074464183
"NWS63",41.22,11.89,9.82,61.22,25.42,16.68,166.25,0.24793984962406,0.0715187969924812,0.0590676691729323,0.368240601503759,0.152902255639098,0.100330827067669
"NWS64",63.02,17.46,8.49,42.29,25.74,11.75,168.75,0.373451851851852,0.103466666666667,0.0503111111111111,0.250607407407407,0.152533333333333,0.0696296296296296
"NWS65",95.83,13.5,22.47,88.71,32.37,16.1,268.98,0.356271841772622,0.050189605175106,0.0835378095025652,0.329801472228418,0.12034351996431,0.0598557513569782
"NWS93",24.69,8.39,3.01,13.93,10.32,5.4,65.74,0.37557042896258,0.127623973227867,0.0457864313964101,0.211895345299665,0.156982050501977,0.0821417706114998
"NWS94",18.46,6.49,1.61,10.71,8.68,4.71,50.66,0.364390051322542,0.128108961705488,0.0317804974338729,0.211409395973154,0.171338333991315,0.0929727595736281
"NWS95",35.64,8.44,6.15,31.17,20.64,7.9,109.94,0.32417682372203,0.0767691468073495,0.0559396034200473,0.283518282699654,0.187738766599964,0.0718573767509551
"OS2",16.6,4.83,3.09,26.58,13.65,9.73,74.48,0.222878625134264,0.0648496240601504,0.0414876476906552,0.35687432867884,0.183270676691729,0.130639097744361
"OS3",81.48,31.65,88.33,261.31,64.81,27.56,555.14,0.146773786792521,0.0570126454588032,0.159113016536369,0.470710091148179,0.116745325503477,0.0496451345606514
"OS4",56.88,18.03,38.39,120.78,35.09,28.47,297.64,0.191103346324419,0.060576535411907,0.128981319715092,0.405792232226851,0.117894100255342,0.0956524660663889
"OS5",27.72,7.39,16.32,43.86,21.8,12.23,129.32,0.214351995051036,0.0571450665017012,0.126198577172904,0.339158676152181,0.168574079802041,0.0945716053201361
"OS6",598.05,16.89,204.19,240.09,42.5,27.49,1129.21,0.529618051558169,0.0149573595699648,0.180825532894679,0.212617670760974,0.0376369320144172,0.0243444532017959
"OS7",34.23,2.85,5.84,23.11,6.72,4.14,76.89,0.445181428014046,0.037065938353492,0.0759526596436468,0.300559240473404,0.0873975809598127,0.0538431525555989
"OS8",26.21,1.6,5.42,21.51,6.05,5.22,66.01,0.397061051355855,0.0242387517042872,0.082108771398273,0.325859718224511,0.0916527798818361,0.0790789274352371
"PAC13",129.65,52.06,8.95,52.83,42.03,13.24,298.76,0.43396036952738,0.174253581470076,0.029957156245816,0.176830901057705,0.140681483464989,0.044316508234034
"PAC2",130.54,31.69,9.2,52.42,45.51,19.65,289.01,0.451679872668766,0.109650185114702,0.0318328085533373,0.181377806996298,0.157468599702432,0.0679907269644649
"PAC20",137.24,38.25,17.56,85.73,65.53,21.01,365.32,0.375670644914048,0.104702726376875,0.04806744771707,0.23467097339319,0.17937698456148,0.0575112230373371
"PAC21",64.89,22.93,6.72,30.75,26.94,7.02,159.25,0.407472527472527,0.143987441130298,0.0421978021978022,0.19309262166405,0.169167974882261,0.0440816326530612
"PAC22",109.08,30.18,58.91,111.69,63.18,30.32,403.36,0.270428401428005,0.074821499404998,0.146048195160651,0.276899047996827,0.15663427211424,0.0751685838952797
"PAC23",48.34,9.78,7.18,55.35,18.35,21.53,160.53,0.301127515106211,0.0609231919267427,0.0447268423347661,0.344795365352271,0.114308851927989,0.134118233352021
"PAC25",68.45,16.55,22.94,64.8,29.27,12.94,214.95,0.318446150267504,0.0769946499185857,0.106722493603164,0.301465457083043,0.136171202605257,0.0602000465224471
"PAC26",22.65,3.51,4.26,19.48,10.49,3.6,63.99,0.353961556493202,0.0548523206751055,0.06657290201594,0.304422566025942,0.163931864353805,0.0562587904360056
"PAC27",71.58,14.6,8.65,57.13,45.27,13.89,211.12,0.33904888215233,0.0691549829480864,0.0409719590754073,0.270604395604396,0.214427813565745,0.0657919666540356
"PAC28",79.99,11.58,3.9,39.43,28.46,9.2,172.56,0.463548910523876,0.0671070931849791,0.0226008344923505,0.228500231803431,0.164928140936486,0.0533147890588781
"PAC29",11.22,2.82,4.18,10.99,6.14,2.31,37.66,0.297928836962294,0.0748805098247477,0.110993096123208,0.29182156133829,0.163037705788635,0.0613382899628253
"PAC30",63.15,7.58,1.64,19.06,16.29,23.68,131.4,0.480593607305936,0.0576864535768645,0.0124809741248097,0.145053272450533,0.123972602739726,0.180213089802131
"PAC31",49.11,11.96,5.2,25.52,14.05,5.5,111.34,0.441081372372912,0.107418717442069,0.0467037901922041,0.229207831866355,0.12619004850009,0.0493982396263697
"PAC32",101.62,18.66,7.74,69.97,38.5,18.98,255.47,0.397776646964419,0.0730418444435746,0.0302970994637335,0.273887344893725,0.150702626531491,0.0742944377030571
"PAC33",105.44,25.43,12.22,89.73,50.11,19.24,302.17,0.348942648178178,0.0841579243472218,0.0404408114637456,0.296952046861038,0.165833802164345,0.0636727669854718
"PAC34",127.2,28.86,7.76,59.21,34.03,24.56,281.62,0.451672466444145,0.102478517150771,0.0275548611604289,0.210247851715077,0.120836588310489,0.0872097152190895
"PAC35",42.13,10.07,2.8,36.2,27.59,9.37,128.16,0.328729712858926,0.0785736579275905,0.0218476903870162,0.282459425717853,0.215277777777778,0.0731117353308365
"PAC36",42.77,9.86,11.23,46.24,26.64,11.03,147.77,0.289436286120322,0.0667253163700345,0.0759964810177979,0.312918725045679,0.180280165121473,0.0746430263246938
"PAC37",42.44,11.25,15.63,77.87,25.29,10.24,182.72,0.232267950963222,0.0615696147110333,0.0855407180385289,0.42617119089317,0.138408493870403,0.0560420315236427
"PAC38",65.59,16.51,30.88,138.31,40.36,16.01,307.66,0.213189884937918,0.0536631346291361,0.100370538906585,0.449554703243841,0.131183774296301,0.0520379639862186
"PAC39",50.39,12.96,9.22,66.69,34.21,12.9,186.37,0.270376133497881,0.0695390889091592,0.0494714814616086,0.357836561678382,0.183559585770242,0.0692171486827279
"PAC40",102.52,15.18,3.45,47.11,35.72,12.53,216.51,0.473511616091636,0.0701122350006928,0.0159345988637938,0.217588102166182,0.16498083229412,0.0578726155835758
"PAC41",259.98,22.78,10.67,91.75,55.77,24.72,465.67,0.558292352953809,0.0489187622135847,0.0229132218094359,0.197027938239526,0.119762922241072,0.0530848025425731
"PAC42",72.36,18.47,2.79,44.77,32.9,14.86,186.15,0.388718775181305,0.0992210582863282,0.0149879129734085,0.240504969110932,0.176739188826215,0.0798280956218104
"PAC43",126.56,22.66,4.34,58.86,51.18,20.54,284.14,0.445414232420638,0.0797494193003449,0.015274160625044,0.207151404237348,0.180122474836348,0.0722883085802773
"PAC44",65.79,19.63,3.7,31.97,26,11.17,158.26,0.415708328067737,0.124036395804373,0.0233792493365348,0.202009351699735,0.164286616959434,0.0705800581321875
"PAC46",92.38,22.6,5.4,31.94,28.15,14.53,195,0.47374358974359,0.115897435897436,0.0276923076923077,0.163794871794872,0.144358974358974,0.0745128205128205
"PAC48",123.11,24.36,11.63,99.59,44.57,23.69,326.95,0.376540755467197,0.0745068053219147,0.0355711882550849,0.304603150328796,0.13632053830861,0.0724575623183973
"PAC49",28.82,6.56,1.28,21.49,14.46,6.94,79.55,0.362287869264613,0.0824638592080452,0.0160905091137649,0.270144563167819,0.181772470144563,0.0872407291011942
"PAC5",12.11,1.73,24.26,39.41,5,7.51,90.02,0.13452566096423,0.0192179515663186,0.269495667629416,0.437791601866252,0.0555432126194179,0.0834259053543657
"PAC50",107.19,26.43,3.29,52.46,40.06,16.57,246,0.435731707317073,0.107439024390244,0.0133739837398374,0.213252032520325,0.162845528455285,0.0673577235772358
"PAC51",95.6,16.63,8.32,25.57,16.94,4.91,167.97,0.56914925284277,0.0990057748407454,0.0495326546407097,0.152229564803239,0.100851342501637,0.0292314103708996
"PAC52",40.65,10.23,2.54,35.04,20.05,9.39,117.9,0.344783715012723,0.0867684478371501,0.0215436810856658,0.297201017811705,0.170059372349449,0.0796437659033079
"PAC53",49.33,12.86,2.35,36.97,28.27,10.78,140.56,0.350953329538987,0.0914911781445646,0.0167188389299943,0.263019351166762,0.201124075128059,0.0766932270916335
"PAC55",47.65,12.01,9.47,59.08,26.63,15.44,170.28,0.279833215879727,0.0705308902983322,0.0556142823584684,0.346957951609114,0.156389476156918,0.0906741836974395
"PAC56",102.4,20.42,14.54,68.81,39.02,18.42,263.61,0.388452638367285,0.0774629187056637,0.0551572398619172,0.261029551230985,0.148021698721596,0.0698759531125526
"PAC58",19.54,6.2,2.79,16.17,9.05,6.02,59.77,0.326919859461268,0.103730968713401,0.0466789359210306,0.270537058725113,0.151413752718755,0.100719424460432
"PAC59",49.52,12.03,8.06,50.61,19.82,14.24,154.28,0.320974850920404,0.0779751101892663,0.0522426756546539,0.328039927404719,0.128467721026705,0.092299714804252
"PAC6",3.51,0.24,3.55,6.61,2.43,0.56,16.9,0.207692307692308,0.0142011834319527,0.210059171597633,0.39112426035503,0.143786982248521,0.0331360946745562
"PAC60",28.66,6.4,1.71,24.92,14.97,7.04,83.7,0.342413381123059,0.0764635603345281,0.0204301075268817,0.297729988052569,0.178853046594982,0.0841099163679809
"PAC7",40.28,9.92,6.48,27.15,6.85,2.76,93.44,0.431078767123288,0.106164383561644,0.0693493150684932,0.290560787671233,0.0733090753424658,0.0295376712328767
"PAC8",16.07,4.67,9,26.76,7.82,7.39,71.71,0.224097057593083,0.0651234137498257,0.125505508297309,0.373169711337331,0.109050341653884,0.103053967368568
"RAJA11",6.49,2.68,1.66,7.42,2.53,1.83,22.61,0.287041132242371,0.118531623175586,0.0734188412206988,0.328173374613003,0.111897390535161,0.08093763821318
"RAJA12",18.52,3.65,5.11,29.09,10.21,8.44,75.02,0.246867501999467,0.048653692348707,0.0681151692881898,0.387763263129832,0.136097040789123,0.112503332444681
"RAJA13",91.75,24.32,18.9,141.28,51.5,49.56,377.31,0.243168747184013,0.0644562826323183,0.0500914367496223,0.374440115554849,0.136492539291299,0.131350878587899
"RAJA14",24.05,6.53,15.97,63.44,17.87,10.53,138.39,0.17378423296481,0.0471854902810897,0.11539851145314,0.4584146253342,0.129127827155141,0.0760893128116193
"RAJA15",223.69,38.01,79,600.03,167.09,60.25,1168.07,0.191503933839582,0.0325408579965242,0.0676329329577851,0.513693528641263,0.143047933771092,0.0515808127937538
"RAJA17",34.36,8.64,78.93,82.13,11.67,18.81,234.54,0.146499530996845,0.0368380660015349,0.336531082118189,0.350174810266905,0.049756971092351,0.080199539524175
"RAJA18",53.22,13.19,15.22,68.08,20.63,15.63,185.97,0.286175189546701,0.0709254180781847,0.0818411571758886,0.366080550626445,0.110931870731838,0.0840458138409421
"RAJA19",94.4,19.38,24.23,93.44,30.65,35.87,297.97,0.31681041715609,0.0650401047085277,0.0813169110984327,0.313588616303655,0.102862704299091,0.120381246434205
"RAJA20",14.11,4.71,8.5,33.66,8.94,8.68,78.6,0.179516539440204,0.0599236641221374,0.108142493638677,0.42824427480916,0.113740458015267,0.110432569974555
"RAJA21",87.92,32.11,33.47,159.98,57.16,48.68,419.32,0.20967280358676,0.0765763617285128,0.0798197080988267,0.381522464943241,0.136315940093485,0.116092721549175
"RAJA23",33.22,13.46,11.98,73.26,30.2,20.03,182.15,0.182377161679934,0.0738951413670052,0.0657699698051057,0.402195992314027,0.165797419709031,0.109964315124897
"RAJA25",12.26,3.82,3.23,23.78,5.69,5.55,54.33,0.225658015829192,0.0703110620283453,0.0594515000920302,0.43769556414504,0.10473035155531,0.102153506350083
"RAJA27",3.32,1.02,2.3,5.54,1.85,1.1,15.13,0.219431592861864,0.0674157303370787,0.152015862524785,0.366159947124917,0.122273628552545,0.0727032385988103
"RAJA28",51.32,5.63,5.54,37.08,9.97,6.69,116.23,0.441538329174912,0.0484384410221113,0.0476641142562161,0.319022627548826,0.0857781983997247,0.0575582895982104
"RAJA29",24.18,6.11,5.05,35.39,13.98,11.37,96.08,0.251665278934221,0.0635928393005828,0.0525603663613655,0.368338884263114,0.145503746877602,0.118338884263114
"RAJA30",32.45,8.92,14.7,57.23,18,14.82,146.12,0.222077744319737,0.0610457158499863,0.100602244730359,0.391664385436627,0.123186422118806,0.101423487544484
"RAJA31",20.13,5.84,5.68,36.57,13.59,7.5,89.31,0.225394692643601,0.0653902138618296,0.0635987011532863,0.409472623446423,0.152166610681895,0.0839771582129661
"RAJA32",137.14,38.73,27.99,124.52,53.28,36.9,418.56,0.327647171253823,0.0925315366972477,0.0668721330275229,0.297496177370031,0.127293577981651,0.0881594036697248
"RAJA34",23.22,6.32,6.34,31.15,11.5,8.55,87.08,0.266651355075792,0.0725769407441433,0.0728066146072577,0.357717041800643,0.132062471290767,0.0981855764813964
"RAJA36",17.82,4.99,8.03,40.14,11.96,7.97,90.91,0.196018039819602,0.0548894511054889,0.0883291167088329,0.441535584644154,0.131558684413156,0.0876691233087669
"RAJA37",43.84,9.18,28.09,180.27,53.23,42.24,356.85,0.122852739246182,0.0257250945775536,0.0787165475690066,0.505170239596469,0.149166316379431,0.118369062631358
"RAJA38",104.49,34,29.84,122.24,37.02,25.97,353.56,0.295536825432741,0.096164724516348,0.0843986876343478,0.345740468378776,0.1047064147528,0.073452879284987
"RAJA39",119.72,12.58,86.82,94.46,22.13,69.17,404.88,0.295692550879273,0.0310709345979056,0.21443390634262,0.233303694921952,0.0546581703220707,0.170840742936179
"RAJA40",30.85,6.04,29.12,55.56,16.04,14.29,151.9,0.203094140882159,0.0397630019749835,0.191705069124424,0.365766951942067,0.105595786701777,0.0940750493745885
"RAJA41",76.16,7.85,33.52,90.15,22.26,20.56,250.5,0.304031936127744,0.0313373253493014,0.133812375249501,0.359880239520958,0.0888622754491018,0.0820758483033932
"RAJA42",65.9,21.26,14.42,99.31,40.63,28.15,269.67,0.24437275188193,0.0788370971928654,0.0534727630066377,0.368264916379278,0.150665628360589,0.1043868431787
"RAJA43",36.86,8.09,21.48,37.35,9.8,15.83,129.41,0.284831156788502,0.0625144888339386,0.165984081601113,0.288617572057801,0.0757283053859825,0.122324395332664
"RAJA44",56.58,12.51,89.96,119.5,32.71,59,370.26,0.152811537838276,0.0337870685464268,0.242964403392211,0.322746178361152,0.0883433263112408,0.159347485550694
"RAJA45",27.88,8.34,12.72,26.41,10.9,6.77,93.02,0.299720490217158,0.0896581380348312,0.136744786067512,0.283917437110299,0.117179101268544,0.0727800473016556
"RAJA46",35.36,7.55,33.26,75.64,22.68,16.33,190.82,0.185305523530028,0.0395660832197883,0.174300387800021,0.396394507913217,0.118855465884079,0.0855780316528666
"RAJA47",25.44,4.14,14.87,41.99,17.78,8,112.22,0.226697558367492,0.0368918196399929,0.132507574407414,0.374175726252005,0.15843878096596,0.071288540367136
"RAJA48",149.84,14.21,59.83,236.12,42.88,71.38,574.26,0.260927106188834,0.0247448890746352,0.104186257096089,0.411172639570926,0.0746700100999547,0.124299097969561
"RAJA49",15.93,3.14,13.68,32.18,8.44,13.83,87.2,0.182683486238532,0.0360091743119266,0.156880733944954,0.369036697247706,0.0967889908256881,0.158600917431193
"RAJA50",66.25,11.84,161.28,130.2,29.51,51.87,450.95,0.146912074509369,0.026255682448165,0.357644971726356,0.288723805299922,0.0654396274531545,0.115023838563034
"RAJA51",73.17,11.25,37.62,119.93,34.94,27.8,304.71,0.24012995963375,0.0369203504971941,0.123461652062617,0.393587345344754,0.114666404121952,0.0912342883397329
"RAJA52",63.6,20.21,20.88,109.72,38.37,26.5,279.28,0.227728444571756,0.0723646519621885,0.074763678029218,0.392867373245488,0.137389000286451,0.0948868519048983
"RAJA53",86.57,18.12,19.6,123.48,46.27,31.13,325.17,0.266229972014638,0.0557246978503552,0.0602761632376911,0.379739828397454,0.142294799643264,0.0957345388565981
"RAJA54",20.73,5.04,10.27,32.99,11.5,8.71,89.24,0.232294935006723,0.0564769161810847,0.115082922456298,0.369677274764679,0.128865979381443,0.0976019722097714
"RT2",73.23,16.3,12.68,36.07,16.2,9.88,164.36,0.445546361645169,0.0991725480652227,0.0771477245071794,0.219457288878073,0.0985641275249452,0.060111949379411
"RT3",53.37,6.12,15.21,29.36,9.02,10.62,123.7,0.431447049312854,0.0494745351657235,0.122958771220695,0.237348423605497,0.0729183508488278,0.0858528698464026
"RT4",60.19,15.58,11.94,31.84,11.29,8.17,139.01,0.432990432342997,0.112078267750522,0.0858931012157399,0.22904826990864,0.0812171786202431,0.0587727501618589
"SEY7",20.03,7.02,2.62,19.58,6.92,6.65,62.82,0.318847500795925,0.111747851002865,0.0417064629099013,0.31168417701369,0.11015600127348,0.105858007004139
"TCI1",4.6,0.21,1.81,4.52,3.4,1.01,15.55,0.295819935691318,0.0135048231511254,0.116398713826367,0.290675241157556,0.218649517684887,0.064951768488746
"TCI2",15.71,0.19,2.28,2.93,7.81,1.21,30.13,0.521407235313641,0.00630600730169267,0.075672087620312,0.0972452704945237,0.259210089611683,0.040159309658148
"TI2",108.73,23.8,16.91,138.66,47.28,34.49,369.87,0.293968150971963,0.0643469327060859,0.0457187660529375,0.374888474328818,0.127828696569065,0.0932489793711304
"TI3",60.55,16.73,10.08,80.73,27.72,21.19,217,0.279032258064516,0.0770967741935484,0.0464516129032258,0.372027649769585,0.127741935483871,0.0976497695852535
"TI4",33.39,6.9,5.41,57.4,18.72,16.54,138.36,0.241326973113617,0.0498699045967043,0.0391008962127783,0.414859786065337,0.13529921942758,0.119543220583984
"TONGA12",142.29,14.17,3.41,64.54,33.18,18.12,275.71,0.516085742265424,0.0513945812629212,0.0123680678974285,0.234086540205288,0.120343839541547,0.0657212288273911
"TONGA4",39.85,12.97,2.14,15.2,13.4,4.59,88.15,0.452070334656835,0.1471355643789,0.024276800907544,0.172433352240499,0.152013613159387,0.0520703346568349
"WA65",2.53,0.73,0.82,5.84,2.06,1.27,13.25,0.190943396226415,0.0550943396226415,0.0618867924528302,0.440754716981132,0.155471698113208,0.0958490566037736
"WA66",5.02,1.75,2.33,13.21,2.67,1.63,26.61,0.188650883126644,0.0657647500939497,0.0875610672679444,0.496429913566328,0.100338218714769,0.0612551672303645
"WA67",9.29,2.67,7.6,21.83,6.92,6.28,54.59,0.170177688221286,0.0489100567869573,0.139219637296208,0.399890089760029,0.126763143432863,0.115039384502656
"WA68",41.26,9.96,20.54,65.86,20.63,20.94,179.19,0.230258384954518,0.055583458898376,0.11462693230649,0.367542831631229,0.115129192477259,0.116859199732128
"WA70",32.34,1.36,14.98,10.73,3.74,8.72,71.87,0.449979128982886,0.0189230555169055,0.208431890914151,0.149297342423821,0.0520384026714902,0.121330179490747
"WA71",11.32,4.49,3.23,23.96,3.64,4.31,50.95,0.222178606476938,0.0881256133464181,0.0633954857703631,0.470264965652601,0.0714425907752699,0.0845927379784102
"WA72",56.05,20.39,26.59,126.76,41.36,22.74,293.89,0.190717615434346,0.0693796998877131,0.0904760284460172,0.431317840008166,0.140732927285719,0.077375888938038
"WA73",5.02,1.37,1.82,9.8,3.01,2.02,23.04,0.217881944444444,0.0594618055555556,0.0789930555555556,0.425347222222222,0.130642361111111,0.0876736111111111
"WA74",29.33,11.33,19.74,76.82,24.09,19.28,180.59,0.162412093692895,0.0627388005980398,0.109308378094025,0.425383465308157,0.133396090591949,0.106761171714934
"WA76",30.81,7.22,15.6,49.22,20.37,12.91,136.13,0.226327774921031,0.0530375376478366,0.114596341732168,0.361566150003673,0.149636376992581,0.0948358187027106
"WA78",90.32,0.9,11.23,8.18,1.56,3.87,116.06,0.778218163019128,0.00775460968464587,0.0967602963984146,0.070480785800448,0.0134413234533862,0.0333448216439773
"WA80",16.14,4.28,29.54,55.5,11.77,13.68,130.91,0.123290810480483,0.0326942174012681,0.225651210755481,0.423955389198686,0.0899090978534871,0.104499274310595
"WA84",48.41,11.7,16.34,58.63,27.27,16.14,178.49,0.271219676172335,0.0655498907501821,0.091545744859656,0.328477785870357,0.152781668440809,0.0904252339066614
"WA85",29.18,4.84,6.55,41.32,15.27,14.13,111.29,0.262197861443077,0.0434899811303801,0.0588552430586755,0.371282235600683,0.137209093359691,0.126965585407494
